מוסד,רשות,סוג פיקוח,מחוז,מגזר,מפקח,מנהל,כיתה,מקבילה,סוג חינוך כיתה,פוטנציאל תלמידים,קורסים שנפתחו,תלמידים רשומים לקורס,אחוז תלמידים רשומים לקורס,תלמידים שנכנסו לקורס,אחוז תלמידים שנכנסו לקורס,תלמידים שביצעו משימה אחת לפחות,אחוז תלמידים שביצעו משימה אחת לפחות
Totals,,,,,,,,,,"17,059",153,"10,444",61%,"8,252",48%,"8,012",47%
111328- כרמי יהודה,גוש עציון,ממלכתי דתי,ירושלים,יהודי,יעקב מאיר קושלבסקי,אביתר חיים קלין,ז,4,רגיל,25,1,24,96%,24,96%,24,96%
111328- כרמי יהודה,גוש עציון,ממלכתי דתי,ירושלים,יהודי,יעקב מאיר קושלבסקי,אביתר חיים קלין,ז,3,רגיל,23,1,22,96%,22,96%,21,91%
111328- כרמי יהודה,גוש עציון,ממלכתי דתי,ירושלים,יהודי,יעקב מאיר קושלבסקי,אביתר חיים קלין,ז,2,רגיל,23,1,21,91%,20,87%,20,87%
111393- נועם בנות ק.משה,ירושלים,ממלכתי דתי,העיר ירושלים,יהודי,יואל דוב ורצברגר,אורית ווייל,ז,2,רגיל,27,1,27,100%,27,100%,27,100%
111393- נועם בנות ק.משה,ירושלים,ממלכתי דתי,העיר ירושלים,יהודי,יואל דוב ורצברגר,אורית ווייל,ז,3,רגיל,27,1,26,96%,26,96%,26,96%
111393- נועם בנות ק.משה,ירושלים,ממלכתי דתי,העיר ירושלים,יהודי,יואל דוב ורצברגר,אורית ווייל,ז,1,רגיל,26,1,23,88%,22,85%,22,85%
"111450- גוונים מ""מ",קרית ארבע,ממלכתי,ירושלים,יהודי,דורית מרגלית רזיאל אלישר,ענבל גונן,ז,1,רגיל,11,1,9,82%,9,82%,9,82%
112250- עשה חייל,אפרת,ממלכתי דתי,ירושלים,יהודי,יעקב מאיר קושלבסקי,תרזה שפרה פרנקל,ז,3,רגיל,24,1,4,17%,3,13%,3,13%
112250- עשה חייל,אפרת,ממלכתי דתי,ירושלים,יהודי,יעקב מאיר קושלבסקי,תרזה שפרה פרנקל,ז,1,רגיל,27,1,2,7%,1,4%,1,4%
112516- מבוא חורון,מטה בנימין,ממלכתי דתי,ירושלים,יהודי,יוסף יעקב שינובר,ערן מרגלית,ז,1,רגיל,22,1,1,5%,1,5%,1,5%
"112953- אהבת ישראל (חרד""ל)",ירושלים,ממלכתי דתי,העיר ירושלים,יהודי,יואל דוב ורצברגר,גיא רפאלוב,ז,1,רגיל,21,1,1,5%,0,0%,0,0%
113217- הר נוף ממד בנות,ירושלים,ממלכתי דתי,העיר ירושלים,יהודי,יואל דוב ורצברגר,ברוריה בס,ז,2,רגיל,31,1,24,77%,15,48%,12,39%
113217- הר נוף ממד בנות,ירושלים,ממלכתי דתי,העיר ירושלים,יהודי,יואל דוב ורצברגר,ברוריה בס,ז,1,רגיל,29,1,17,59%,12,41%,12,41%
113324- בית-אל בנים,בית אל,ממלכתי דתי,ירושלים,יהודי,יוסף יעקב שינובר,ירון גיאת,ז,1,רגיל,29,1,25,86%,25,86%,25,86%
113324- בית-אל בנים,בית אל,ממלכתי דתי,ירושלים,יהודי,יוסף יעקב שינובר,ירון גיאת,ז,2,רגיל,29,1,24,83%,24,83%,24,83%
114058- אריאל,אפרת,ממלכתי דתי,ירושלים,יהודי,יעקב מאיר קושלבסקי,שולמית גיטל פרוינד,ז,1,רגיל,29,1,27,93%,26,90%,26,90%
114173- אורות עציון בנים,אפרת,ממלכתי דתי,ירושלים,יהודי,יעקב מאיר קושלבסקי,משה גוטליב,ז,31,רגיל,30,1,25,83%,10,33%,8,27%
114173- אורות עציון בנים,אפרת,ממלכתי דתי,ירושלים,יהודי,יעקב מאיר קושלבסקי,משה גוטליב,ז,34,רגיל,31,1,3,10%,2,6%,2,6%
114249- אורות עציון בנות,אפרת,ממלכתי דתי,ירושלים,יהודי,יעקב מאיר קושלבסקי,דבורה פרידמן,ז,21,רגיל,27,1,26,96%,24,89%,24,89%
114249- אורות עציון בנות,אפרת,ממלכתי דתי,ירושלים,יהודי,יעקב מאיר קושלבסקי,דבורה פרידמן,ז,22,רגיל,30,1,27,90%,26,87%,26,87%
118042- אום טובא,ירושלים,ממלכתי,העיר ירושלים,ערבי,מחמד אזברגה,וליד אבו טיר,ז,3,רגיל,24,1,16,67%,14,58%,12,50%
118042- אום טובא,ירושלים,ממלכתי,העיר ירושלים,ערבי,מחמד אזברגה,וליד אבו טיר,ז,4,רגיל,26,1,1,4%,1,4%,1,4%
118042- אום טובא,ירושלים,ממלכתי,העיר ירושלים,ערבי,מחמד אזברגה,וליד אבו טיר,ז,2,רגיל,27,1,2,7%,0,0%,0,0%
118067- אחמד סאמח אלחלדי,ירושלים,ממלכתי,העיר ירושלים,ערבי,מחמד אזברגה,ווסים רישק,ז,2,רגיל,22,1,21,95%,21,95%,21,95%
118067- אחמד סאמח אלחלדי,ירושלים,ממלכתי,העיר ירושלים,ערבי,מחמד אזברגה,ווסים רישק,ז,1,רגיל,24,1,19,79%,19,79%,19,79%
118133- טור מכין לבנות,ירושלים,ממלכתי,העיר ירושלים,ערבי,נור ח'טיב,מנאל פתיאני,ז,2,רגיל,31,1,31,100%,31,100%,31,100%
118133- טור מכין לבנות,ירושלים,ממלכתי,העיר ירושלים,ערבי,נור ח'טיב,מנאל פתיאני,ז,1,רגיל,30,1,30,100%,30,100%,30,100%
118133- טור מכין לבנות,ירושלים,ממלכתי,העיר ירושלים,ערבי,נור ח'טיב,מנאל פתיאני,ז,3,רגיל,29,1,29,100%,29,100%,29,100%
118158- איבן אל-היית'ם,ירושלים,ממלכתי,העיר ירושלים,ערבי,רנה ח'לף,אסאמה סביטאני,ז,2,רגיל,27,1,27,100%,26,96%,26,96%
118158- איבן אל-היית'ם,ירושלים,ממלכתי,העיר ירושלים,ערבי,רנה ח'לף,אסאמה סביטאני,ז,5,רגיל,27,1,27,100%,24,89%,24,89%
118158- איבן אל-היית'ם,ירושלים,ממלכתי,העיר ירושלים,ערבי,רנה ח'לף,אסאמה סביטאני,ז,1,רגיל,27,1,27,100%,23,85%,23,85%
118158- איבן אל-היית'ם,ירושלים,ממלכתי,העיר ירושלים,ערבי,רנה ח'לף,אסאמה סביטאני,ז,3,רגיל,28,1,28,100%,20,71%,20,71%
118158- איבן אל-היית'ם,ירושלים,ממלכתי,העיר ירושלים,ערבי,רנה ח'לף,אסאמה סביטאני,ז,4,רגיל,25,1,25,100%,14,56%,14,56%
118208- סלואן מכין לבנות,ירושלים,ממלכתי,העיר ירושלים,ערבי,מחמד אזברגה,פאטמה פתיחה,ז,3,רגיל,17,1,12,71%,6,35%,2,12%
118208- סלואן מכין לבנות,ירושלים,ממלכתי,העיר ירושלים,ערבי,מחמד אזברגה,פאטמה פתיחה,ז,2,רגיל,25,1,6,24%,4,16%,2,8%
118208- סלואן מכין לבנות,ירושלים,ממלכתי,העיר ירושלים,ערבי,מחמד אזברגה,פאטמה פתיחה,ז,1,רגיל,26,1,3,12%,0,0%,0,0%
118240- צור באהר מכין,ירושלים,ממלכתי,העיר ירושלים,ערבי,מחמד אזברגה,עארף אבו חאמד,ז,1,רגיל,31,1,30,97%,30,97%,30,97%
118240- צור באהר מכין,ירושלים,ממלכתי,העיר ירושלים,ערבי,מחמד אזברגה,עארף אבו חאמד,ז,2,רגיל,31,1,30,97%,29,94%,29,94%
118240- צור באהר מכין,ירושלים,ממלכתי,העיר ירושלים,ערבי,מחמד אזברגה,עארף אבו חאמד,ז,3,רגיל,34,1,32,94%,30,88%,30,88%
118281- שעפט לבנות א,ירושלים,ממלכתי,העיר ירושלים,ערבי,ח'לדון האדיה,סוזאן כטיב,ז,3,רגיל,24,1,23,96%,21,88%,21,88%
118281- שעפט לבנות א,ירושלים,ממלכתי,העיר ירושלים,ערבי,ח'לדון האדיה,סוזאן כטיב,ז,1,רגיל,25,1,3,12%,0,0%,0,0%
118281- שעפט לבנות א,ירושלים,ממלכתי,העיר ירושלים,ערבי,ח'לדון האדיה,סוזאן כטיב,ז,2,רגיל,23,1,1,4%,0,0%,0,0%
118299- אלתורי לבנות,ירושלים,ממלכתי,העיר ירושלים,ערבי,מחמד אזברגה,מהא סלמן,ז,1,רגיל,27,1,23,85%,20,74%,19,70%
118299- אלתורי לבנות,ירושלים,ממלכתי,העיר ירושלים,ערבי,מחמד אזברגה,מהא סלמן,ז,2,רגיל,20,1,13,65%,13,65%,12,60%
118299- אלתורי לבנות,ירושלים,ממלכתי,העיר ירושלים,ערבי,מחמד אזברגה,מהא סלמן,ז,3,רגיל,28,1,10,36%,9,32%,9,32%
118299- אלתורי לבנות,ירושלים,ממלכתי,העיר ירושלים,ערבי,מחמד אזברגה,מהא סלמן,ז,4,רגיל,24,1,6,25%,5,21%,5,21%
118307- עמריה,ירושלים,ממלכתי,העיר ירושלים,ערבי,ח'לדון האדיה,נפיסה סעידה,ז,1,רגיל,15,1,14,93%,14,93%,14,93%
118307- עמריה,ירושלים,ממלכתי,העיר ירושלים,ערבי,ח'לדון האדיה,נפיסה סעידה,ז,2,רגיל,19,1,15,79%,15,79%,15,79%
118331- מולויה לבנות,ירושלים,ממלכתי,העיר ירושלים,ערבי,ח'לדון האדיה,נהיל אבו סרור,ז,1,רגיל,24,1,24,100%,24,100%,24,100%
118331- מולויה לבנות,ירושלים,ממלכתי,העיר ירושלים,ערבי,ח'לדון האדיה,נהיל אבו סרור,ז,2,רגיל,23,1,23,100%,23,100%,23,100%
140012- אולפנא תורנית חורב,ירושלים,ממלכתי דתי,העיר ירושלים,יהודי,שרה טוויל,עודד עוזיאל מיזליש,ז,1,רגיל,32,1,30,94%,28,88%,27,84%
140012- אולפנא תורנית חורב,ירושלים,ממלכתי דתי,העיר ירושלים,יהודי,שרה טוויל,עודד עוזיאל מיזליש,ז,3,רגיל,31,1,31,100%,27,87%,27,87%
140012- אולפנא תורנית חורב,ירושלים,ממלכתי דתי,העיר ירושלים,יהודי,שרה טוויל,עודד עוזיאל מיזליש,ז,4,רגיל,31,1,31,100%,27,87%,26,84%
140012- אולפנא תורנית חורב,ירושלים,ממלכתי דתי,העיר ירושלים,יהודי,שרה טוויל,עודד עוזיאל מיזליש,ז,5,רגיל,30,1,30,100%,25,83%,22,73%
140038- עירוני דתי רוטשילד,ירושלים,ממלכתי דתי,העיר ירושלים,יהודי,אריה משה מארק,שולמית אייזקס,ז,1,רגיל,26,1,26,100%,23,88%,21,81%
140038- עירוני דתי רוטשילד,ירושלים,ממלכתי דתי,העיר ירושלים,יהודי,אריה משה מארק,שולמית אייזקס,ז,2,רגיל,22,1,21,95%,19,86%,19,86%
140046- עירוני ג',ירושלים,ממלכתי,העיר ירושלים,יהודי,דוד נמרוד-סימרוט,רננה אורון,ז,3,רגיל,19,1,18,95%,16,84%,16,84%
140046- עירוני ג',ירושלים,ממלכתי,העיר ירושלים,יהודי,דוד נמרוד-סימרוט,רננה אורון,ז,1,רגיל,19,1,17,89%,5,26%,4,21%
140046- עירוני ג',ירושלים,ממלכתי,העיר ירושלים,יהודי,דוד נמרוד-סימרוט,רננה אורון,ז,2,מיוחד,6,1,2,33%,1,17%,1,17%
140053- אקדמיה למוסיקה,ירושלים,ממלכתי,העיר ירושלים,יהודי,דוד נמרוד-סימרוט,אילנה אוריצקי,ז,1,רגיל,21,1,1,5%,1,5%,1,5%
140079- הגמנסיה העברית,ירושלים,ממלכתי,העיר ירושלים,יהודי,דוד נמרוד-סימרוט,עופר טס,ז,1,רגיל,32,1,32,100%,24,75%,24,75%
140079- הגמנסיה העברית,ירושלים,ממלכתי,העיר ירושלים,יהודי,דוד נמרוד-סימרוט,עופר טס,ז,3,רגיל,34,1,34,100%,21,62%,21,62%
140079- הגמנסיה העברית,ירושלים,ממלכתי,העיר ירושלים,יהודי,דוד נמרוד-סימרוט,עופר טס,ז,2,רגיל,30,1,21,70%,17,57%,17,57%
140079- הגמנסיה העברית,ירושלים,ממלכתי,העיר ירושלים,יהודי,דוד נמרוד-סימרוט,עופר טס,ז,7,מיוחד,7,1,2,29%,2,29%,2,29%
140079- הגמנסיה העברית,ירושלים,ממלכתי,העיר ירושלים,יהודי,דוד נמרוד-סימרוט,עופר טס,ז,4,רגיל,27,1,2,7%,2,7%,2,7%
140087- רנה קסין דרכא,ירושלים,ממלכתי,העיר ירושלים,יהודי,דוד נמרוד-סימרוט,שגיא כהן,ז,2,רגיל,23,1,23,100%,18,78%,18,78%
140087- רנה קסין דרכא,ירושלים,ממלכתי,העיר ירושלים,יהודי,דוד נמרוד-סימרוט,שגיא כהן,ז,1,רגיל,30,1,27,90%,1,3%,1,3%
140087- רנה קסין דרכא,ירושלים,ממלכתי,העיר ירושלים,יהודי,דוד נמרוד-סימרוט,שגיא כהן,ז,4,רגיל,22,1,1,5%,0,0%,0,0%
"140103- תיכון ע""ש בויאר",ירושלים,ממלכתי,העיר ירושלים,יהודי,דוד נמרוד-סימרוט,דפנה מנשה-ברוך,ז,3,רגיל,31,1,29,94%,25,81%,25,81%
"140103- תיכון ע""ש בויאר",ירושלים,ממלכתי,העיר ירושלים,יהודי,דוד נמרוד-סימרוט,דפנה מנשה-ברוך,ז,1,רגיל,34,1,34,100%,17,50%,17,50%
"140103- תיכון ע""ש בויאר",ירושלים,ממלכתי,העיר ירושלים,יהודי,דוד נמרוד-סימרוט,דפנה מנשה-ברוך,ז,2,רגיל,35,1,2,6%,1,3%,1,3%
140129- קרית נוער ירושלים,ירושלים,ממלכתי דתי,העיר ירושלים,יהודי,אריה משה מארק,אביחי חרזי,ז,6,רגיל,19,1,18,95%,13,68%,13,68%
140129- קרית נוער ירושלים,ירושלים,ממלכתי דתי,העיר ירושלים,יהודי,אריה משה מארק,אביחי חרזי,ז,3,רגיל,26,1,22,85%,8,31%,6,23%
140129- קרית נוער ירושלים,ירושלים,ממלכתי דתי,העיר ירושלים,יהודי,אריה משה מארק,אביחי חרזי,ז,5,רגיל,25,1,11,44%,4,16%,4,16%
140137- ישיבת נתיב מאיר,ירושלים,ממלכתי דתי,העיר ירושלים,יהודי,אריה משה מארק,משה מאיר וייס,ז,1,רגיל,21,1,1,5%,1,5%,1,5%
140145- ישיבת חורב,ירושלים,ממלכתי דתי,העיר ירושלים,יהודי,אריה משה מארק,יצחק דור,ז,2,רגיל,31,1,31,100%,19,61%,18,58%
140145- ישיבת חורב,ירושלים,ממלכתי דתי,העיר ירושלים,יהודי,אריה משה מארק,יצחק דור,ז,1,רגיל,30,1,30,100%,12,40%,11,37%
140145- ישיבת חורב,ירושלים,ממלכתי דתי,העיר ירושלים,יהודי,אריה משה מארק,יצחק דור,ז,4,רגיל,30,1,30,100%,10,33%,10,33%
"140186- תורני ע""ש פ. הימלפרב",ירושלים,ממלכתי דתי,העיר ירושלים,יהודי,אריה משה מארק,שלמה דנינו,ז,3,רגיל,32,1,32,100%,32,100%,32,100%
"140186- תורני ע""ש פ. הימלפרב",ירושלים,ממלכתי דתי,העיר ירושלים,יהודי,אריה משה מארק,שלמה דנינו,ז,1,רגיל,31,1,31,100%,30,97%,30,97%
"140186- תורני ע""ש פ. הימלפרב",ירושלים,ממלכתי דתי,העיר ירושלים,יהודי,אריה משה מארק,שלמה דנינו,ז,5,רגיל,30,1,30,100%,26,87%,26,87%
"140186- תורני ע""ש פ. הימלפרב",ירושלים,ממלכתי דתי,העיר ירושלים,יהודי,אריה משה מארק,שלמה דנינו,ז,2,רגיל,31,1,31,100%,22,71%,22,71%
"140186- תורני ע""ש פ. הימלפרב",ירושלים,ממלכתי דתי,העיר ירושלים,יהודי,אריה משה מארק,שלמה דנינו,ז,4,מיוחד,7,1,1,14%,1,14%,1,14%
140202- עתיד שחר בית שמש,בית שמש,ממלכתי דתי,ירושלים,יהודי,תמר אודס,אלינור ביטון,ז,2,רגיל,23,1,23,100%,21,91%,21,91%
140202- עתיד שחר בית שמש,בית שמש,ממלכתי דתי,ירושלים,יהודי,תמר אודס,אלינור ביטון,ז,1,רגיל,23,1,23,100%,18,78%,18,78%
140236- תורני נסויי בנות פלך,ירושלים,ממלכתי דתי,העיר ירושלים,יהודי,אריה משה מארק,יעל-סופי פפר,ז,3,רגיל,32,1,32,100%,25,78%,24,75%
140236- תורני נסויי בנות פלך,ירושלים,ממלכתי דתי,העיר ירושלים,יהודי,אריה משה מארק,יעל-סופי פפר,ז,4,רגיל,32,1,31,97%,9,28%,5,16%
140236- תורני נסויי בנות פלך,ירושלים,ממלכתי דתי,העיר ירושלים,יהודי,אריה משה מארק,יעל-סופי פפר,ז,1,רגיל,33,1,32,97%,7,21%,0,0%
140277- מדרשיית עמליה,ירושלים,ממלכתי דתי,העיר ירושלים,יהודי,שרה טוויל,יעל פרגון,ז,1,רגיל,26,1,26,100%,25,96%,25,96%
140277- מדרשיית עמליה,ירושלים,ממלכתי דתי,העיר ירושלים,יהודי,שרה טוויל,יעל פרגון,ז,2,מיוחד,15,1,14,93%,0,0%,0,0%
140491- אולפנת צביה ירושלים,ירושלים,ממלכתי דתי,העיר ירושלים,יהודי,שרה טוויל,עירית הלוי,ז,1,רגיל,32,1,32,100%,32,100%,31,97%
140665- אולפנא לבנות,קרית ארבע,ממלכתי דתי,ירושלים,יהודי,יעקב עמר,שילה דגנית הלוי,ז,1,רגיל,22,1,21,95%,21,95%,21,95%
140665- אולפנא לבנות,קרית ארבע,ממלכתי דתי,ירושלים,יהודי,יעקב עמר,שילה דגנית הלוי,ז,2,רגיל,22,1,21,95%,21,95%,20,91%
140665- אולפנא לבנות,קרית ארבע,ממלכתי דתי,ירושלים,יהודי,יעקב עמר,שילה דגנית הלוי,ז,3,רגיל,22,1,20,91%,20,91%,20,91%
"140723- מקיף ע""ש זיו",ירושלים,ממלכתי,העיר ירושלים,יהודי,דוד נמרוד-סימרוט,אורן לאלו,ז,3,רגיל,31,1,31,100%,31,100%,30,97%
"140723- מקיף ע""ש זיו",ירושלים,ממלכתי,העיר ירושלים,יהודי,דוד נמרוד-סימרוט,אורן לאלו,ז,4,רגיל,31,1,31,100%,30,97%,30,97%
"140723- מקיף ע""ש זיו",ירושלים,ממלכתי,העיר ירושלים,יהודי,דוד נמרוד-סימרוט,אורן לאלו,ז,5,רגיל,33,1,33,100%,31,94%,31,94%
"140723- מקיף ע""ש זיו",ירושלים,ממלכתי,העיר ירושלים,יהודי,דוד נמרוד-סימרוט,אורן לאלו,ז,1,רגיל,34,1,32,94%,29,85%,29,85%
"140723- מקיף ע""ש זיו",ירושלים,ממלכתי,העיר ירושלים,יהודי,דוד נמרוד-סימרוט,אורן לאלו,ז,2,רגיל,33,1,33,100%,25,76%,25,76%
140731- מקיף גילה,ירושלים,ממלכתי,העיר ירושלים,יהודי,דוד נמרוד-סימרוט,אייל רייכמן,ז,1,רגיל,19,1,18,95%,16,84%,16,84%
140731- מקיף גילה,ירושלים,ממלכתי,העיר ירושלים,יהודי,דוד נמרוד-סימרוט,אייל רייכמן,ז,2,רגיל,27,1,26,96%,21,78%,21,78%
140806- תיכון לאומנויות,ירושלים,ממלכתי,העיר ירושלים,יהודי,דוד נמרוד-סימרוט,תומר בליטי דגן,ז,2,רגיל,27,1,27,100%,9,33%,9,33%
140806- תיכון לאומנויות,ירושלים,ממלכתי,העיר ירושלים,יהודי,דוד נמרוד-סימרוט,תומר בליטי דגן,ז,1,רגיל,31,1,31,100%,2,6%,2,6%
140806- תיכון לאומנויות,ירושלים,ממלכתי,העיר ירושלים,יהודי,דוד נמרוד-סימרוט,תומר בליטי דגן,ז,6,מיוחד,7,1,2,29%,0,0%,0,0%
"140855- חט""ב מבשרת",מבשרת ציון,ממלכתי,ירושלים,יהודי,ציפי יעקב,גליה שניידר,ז,1,רגיל,35,1,35,100%,29,83%,29,83%
"140855- חט""ב מבשרת",מבשרת ציון,ממלכתי,ירושלים,יהודי,ציפי יעקב,גליה שניידר,ז,2,רגיל,33,1,33,100%,24,73%,24,73%
"140855- חט""ב מבשרת",מבשרת ציון,ממלכתי,ירושלים,יהודי,ציפי יעקב,גליה שניידר,ז,8,רגיל,30,1,29,97%,21,70%,21,70%
"140855- חט""ב מבשרת",מבשרת ציון,ממלכתי,ירושלים,יהודי,ציפי יעקב,גליה שניידר,ז,4,רגיל,30,1,30,100%,20,67%,20,67%
"140855- חט""ב מבשרת",מבשרת ציון,ממלכתי,ירושלים,יהודי,ציפי יעקב,גליה שניידר,ז,7,רגיל,30,1,19,63%,17,57%,17,57%
"140855- חט""ב מבשרת",מבשרת ציון,ממלכתי,ירושלים,יהודי,ציפי יעקב,גליה שניידר,ז,5,רגיל,26,1,26,100%,13,50%,9,35%
"140855- חט""ב מבשרת",מבשרת ציון,ממלכתי,ירושלים,יהודי,ציפי יעקב,גליה שניידר,ז,3,רגיל,32,1,32,100%,15,47%,15,47%
"140855- חט""ב מבשרת",מבשרת ציון,ממלכתי,ירושלים,יהודי,ציפי יעקב,גליה שניידר,ז,6,רגיל,35,1,34,97%,13,37%,11,31%
140863- עמל דקל וילנאי,מעלה אדומים,ממלכתי,ירושלים,יהודי,ציפי יעקב,דינה זייצב,ז,4,רגיל,33,1,33,100%,33,100%,33,100%
140863- עמל דקל וילנאי,מעלה אדומים,ממלכתי,ירושלים,יהודי,ציפי יעקב,דינה זייצב,ז,1,רגיל,30,1,30,100%,30,100%,30,100%
140863- עמל דקל וילנאי,מעלה אדומים,ממלכתי,ירושלים,יהודי,ציפי יעקב,דינה זייצב,ז,3,רגיל,34,1,34,100%,33,97%,31,91%
140863- עמל דקל וילנאי,מעלה אדומים,ממלכתי,ירושלים,יהודי,ציפי יעקב,דינה זייצב,ז,5,רגיל,31,1,31,100%,30,97%,30,97%
140863- עמל דקל וילנאי,מעלה אדומים,ממלכתי,ירושלים,יהודי,ציפי יעקב,דינה זייצב,ז,2,רגיל,32,1,32,100%,29,91%,29,91%
140863- עמל דקל וילנאי,מעלה אדומים,ממלכתי,ירושלים,יהודי,ציפי יעקב,דינה זייצב,ז,8,מיוחד,6,1,5,83%,5,83%,5,83%
140871- תיכון גבעת גונן,ירושלים,ממלכתי,העיר ירושלים,יהודי,דוד נמרוד-סימרוט,אוהד הופמן,ז,1,רגיל,22,1,21,95%,21,95%,19,86%
140871- תיכון גבעת גונן,ירושלים,ממלכתי,העיר ירושלים,יהודי,דוד נמרוד-סימרוט,אוהד הופמן,ז,2,רגיל,30,1,28,93%,27,90%,19,63%
"140889- חט""ב בנים קרית ארבע",קרית ארבע,ממלכתי דתי,ירושלים,יהודי,יעקב עמר,מנחם סעדיה,ז,1,רגיל,31,1,30,97%,30,97%,30,97%
"140889- חט""ב בנים קרית ארבע",קרית ארבע,ממלכתי דתי,ירושלים,יהודי,יעקב עמר,מנחם סעדיה,ז,4,רגיל,29,1,29,100%,22,76%,22,76%
"140939- ישיבת בנ""ע מטה בנימין",מטה בנימין,ממלכתי דתי,ירושלים,יהודי,יעקב עמר,נסים ניצן ימין,ז,1,רגיל,34,1,1,3%,0,0%,0,0%
140962- עירוני מסורתי,ירושלים,ממלכתי,העיר ירושלים,יהודי,דוד נמרוד-סימרוט,יאיר אלברטון,ז,2,רגיל,21,1,21,100%,17,81%,9,43%
140962- עירוני מסורתי,ירושלים,ממלכתי,העיר ירושלים,יהודי,דוד נמרוד-סימרוט,יאיר אלברטון,ז,1,רגיל,22,1,20,91%,9,41%,5,23%
140962- עירוני מסורתי,ירושלים,ממלכתי,העיר ירושלים,יהודי,דוד נמרוד-סימרוט,יאיר אלברטון,ז,4,מיוחד,7,1,3,43%,2,29%,1,14%
140970- אולפנא עופרה,מטה בנימין,ממלכתי דתי,ירושלים,יהודי,יעקב עמר,אביה זאב ששר,ז,5,רגיל,29,1,29,100%,28,97%,27,93%
140970- אולפנא עופרה,מטה בנימין,ממלכתי דתי,ירושלים,יהודי,יעקב עמר,אביה זאב ששר,ז,2,רגיל,30,1,30,100%,26,87%,26,87%
140970- אולפנא עופרה,מטה בנימין,ממלכתי דתי,ירושלים,יהודי,יעקב עמר,אביה זאב ששר,ז,4,רגיל,30,1,28,93%,26,87%,26,87%
140970- אולפנא עופרה,מטה בנימין,ממלכתי דתי,ירושלים,יהודי,יעקב עמר,אביה זאב ששר,ז,1,רגיל,29,1,29,100%,25,86%,25,86%
"141002- חט""ב יצחק רבין",גבעת זאב,ממלכתי,ירושלים,יהודי,ציפי יעקב,מזל רחל שמש,ז,1,רגיל,27,1,27,100%,20,74%,18,67%
141010- חטב מכללת אורט גבעת רם ירושלים,ירושלים,ממלכתי,העיר ירושלים,יהודי,דוד נמרוד-סימרוט,מיכל דלאל,ז,2,רגיל,29,1,29,100%,29,100%,29,100%
141010- חטב מכללת אורט גבעת רם ירושלים,ירושלים,ממלכתי,העיר ירושלים,יהודי,דוד נמרוד-סימרוט,מיכל דלאל,ז,1,רגיל,28,1,28,100%,27,96%,27,96%
141168- תורני לבנות ב.שולמית,ירושלים,ממלכתי דתי,העיר ירושלים,יהודי,אריה משה מארק,אמיתי יצחק שחור,ז,1,רגיל,36,1,32,89%,24,67%,24,67%
141176- אולפנת צביה מ. אדומים,מעלה אדומים,ממלכתי דתי,ירושלים,יהודי,יעקב עמר,שלמה נריה ירושלים,ז,2,רגיל,34,1,33,97%,33,97%,32,94%
141176- אולפנת צביה מ. אדומים,מעלה אדומים,ממלכתי דתי,ירושלים,יהודי,יעקב עמר,שלמה נריה ירושלים,ז,1,רגיל,30,1,28,93%,21,70%,20,67%
141309- עירוני פסגת זאב,ירושלים,ממלכתי,העיר ירושלים,יהודי,דוד נמרוד-סימרוט,סוניה רפאלי,ז,1,רגיל,24,1,24,100%,24,100%,24,100%
141309- עירוני פסגת זאב,ירושלים,ממלכתי,העיר ירושלים,יהודי,דוד נמרוד-סימרוט,סוניה רפאלי,ז,4,רגיל,19,1,19,100%,15,79%,15,79%
141309- עירוני פסגת זאב,ירושלים,ממלכתי,העיר ירושלים,יהודי,דוד נמרוד-סימרוט,סוניה רפאלי,ז,3,רגיל,19,1,19,100%,6,32%,6,32%
141309- עירוני פסגת זאב,ירושלים,ממלכתי,העיר ירושלים,יהודי,דוד נמרוד-סימרוט,סוניה רפאלי,ז,2,מיוחד,15,1,15,100%,0,0%,0,0%
141390- מדרשיית עלמא אמונה,ירושלים,ממלכתי דתי,העיר ירושלים,יהודי,שרה טוויל,הדס גודמן,ז,3,רגיל,32,1,28,88%,28,88%,28,88%
141499- אור תורה סטון לבנים,ירושלים,ממלכתי דתי,העיר ירושלים,יהודי,אריה משה מארק,יהונתן יפת,ז,5,רגיל,24,1,22,92%,18,75%,17,71%
141499- אור תורה סטון לבנים,ירושלים,ממלכתי דתי,העיר ירושלים,יהודי,אריה משה מארק,יהונתן יפת,ז,1,רגיל,17,1,17,100%,1,6%,1,6%
141549- אור תורה סטון לבנות,ירושלים,ממלכתי דתי,העיר ירושלים,יהודי,שרה טוויל,חנה עסיס,ז,3,רגיל,34,1,34,100%,34,100%,34,100%
141549- אור תורה סטון לבנות,ירושלים,ממלכתי דתי,העיר ירושלים,יהודי,שרה טוויל,חנה עסיס,ז,1,רגיל,33,1,32,97%,32,97%,32,97%
141549- אור תורה סטון לבנות,ירושלים,ממלכתי דתי,העיר ירושלים,יהודי,שרה טוויל,חנה עסיס,ז,2,רגיל,32,1,32,100%,31,97%,31,97%
141549- אור תורה סטון לבנות,ירושלים,ממלכתי דתי,העיר ירושלים,יהודי,שרה טוויל,חנה עסיס,ז,4,רגיל,32,1,32,100%,31,97%,30,94%
141754- ישיבה תיכ' תורה ומדע,ירושלים,ממלכתי דתי,העיר ירושלים,יהודי,שרה טוויל,רפאל עמיחי בובליל,ז,1,רגיל,33,1,33,100%,29,88%,28,85%
144220- תורני נסויי הרטמן,ירושלים,ממלכתי דתי,העיר ירושלים,יהודי,שרה טוויל,שאול דוד,ז,1,רגיל,31,1,31,100%,12,39%,12,39%
144220- תורני נסויי הרטמן,ירושלים,ממלכתי דתי,העיר ירושלים,יהודי,שרה טוויל,שאול דוד,ז,2,רגיל,29,1,29,100%,9,31%,7,24%
144220- תורני נסויי הרטמן,ירושלים,ממלכתי דתי,העיר ירושלים,יהודי,שרה טוויל,שאול דוד,ז,3,מיוחד,7,1,7,100%,0,0%,0,0%
144329- תיכון מכבים רעות,מודיעין מכבים רעות,ממלכתי,ירושלים,יהודי,ציפי יעקב,רוני אהרון פולט,ז,4,רגיל,34,1,25,74%,25,74%,24,71%
144329- תיכון מכבים רעות,מודיעין מכבים רעות,ממלכתי,ירושלים,יהודי,ציפי יעקב,רוני אהרון פולט,ז,3,רגיל,33,1,26,79%,22,67%,22,67%
144329- תיכון מכבים רעות,מודיעין מכבים רעות,ממלכתי,ירושלים,יהודי,ציפי יעקב,רוני אהרון פולט,ז,5,רגיל,34,1,23,68%,22,65%,22,65%
144329- תיכון מכבים רעות,מודיעין מכבים רעות,ממלכתי,ירושלים,יהודי,ציפי יעקב,רוני אהרון פולט,ז,1,רגיל,31,1,25,81%,16,52%,16,52%
144329- תיכון מכבים רעות,מודיעין מכבים רעות,ממלכתי,ירושלים,יהודי,ציפי יעקב,רוני אהרון פולט,ז,2,רגיל,33,1,3,9%,3,9%,2,6%
144329- תיכון מכבים רעות,מודיעין מכבים רעות,ממלכתי,ירושלים,יהודי,ציפי יעקב,רוני אהרון פולט,ז,6,מיוחד,9,1,3,33%,0,0%,0,0%
144428- ישיבת צביה מ.אדומים,מעלה אדומים,ממלכתי דתי,ירושלים,יהודי,יעקב עמר,יוסף מנחם פרנקל,ז,3,רגיל,30,1,30,100%,14,47%,14,47%
144592- קדמה ירושלים,ירושלים,ממלכתי,העיר ירושלים,יהודי,דוד נמרוד-סימרוט,מיכל חדאד,ז,1,רגיל,18,1,18,100%,17,94%,17,94%
144600- ישיבה שעלי תורה,בית שמש,ממלכתי דתי,ירושלים,יהודי,תמר אודס,תומר זאבי,ז,1,רגיל,29,1,29,100%,28,97%,25,86%
144600- ישיבה שעלי תורה,בית שמש,ממלכתי דתי,ירושלים,יהודי,תמר אודס,תומר זאבי,ז,3,רגיל,26,1,26,100%,21,81%,21,81%
144600- ישיבה שעלי תורה,בית שמש,ממלכתי דתי,ירושלים,יהודי,תמר אודס,תומר זאבי,ז,4,רגיל,25,1,25,100%,14,56%,14,56%
"144675- ע""ש יצחק רבין עי""ס",מודיעין מכבים רעות,ממלכתי,ירושלים,יהודי,ציפי יעקב,רבקה ריקי נגרי,ז,2,רגיל,35,1,35,100%,35,100%,35,100%
"144675- ע""ש יצחק רבין עי""ס",מודיעין מכבים רעות,ממלכתי,ירושלים,יהודי,ציפי יעקב,רבקה ריקי נגרי,ז,5,רגיל,37,1,36,97%,36,97%,36,97%
"144675- ע""ש יצחק רבין עי""ס",מודיעין מכבים רעות,ממלכתי,ירושלים,יהודי,ציפי יעקב,רבקה ריקי נגרי,ז,4,רגיל,35,1,35,100%,34,97%,33,94%
"144675- ע""ש יצחק רבין עי""ס",מודיעין מכבים רעות,ממלכתי,ירושלים,יהודי,ציפי יעקב,רבקה ריקי נגרי,ז,1,רגיל,38,1,37,97%,36,95%,35,92%
"144675- ע""ש יצחק רבין עי""ס",מודיעין מכבים רעות,ממלכתי,ירושלים,יהודי,ציפי יעקב,רבקה ריקי נגרי,ז,6,רגיל,37,1,37,100%,35,95%,34,92%
"144675- ע""ש יצחק רבין עי""ס",מודיעין מכבים רעות,ממלכתי,ירושלים,יהודי,ציפי יעקב,רבקה ריקי נגרי,ז,3,מיוחד,16,1,1,6%,1,6%,0,0%
144683- עירוני א',מודיעין מכבים רעות,ממלכתי,ירושלים,יהודי,ציפי יעקב,דביר שלומי,ז,1,רגיל,38,1,38,100%,38,100%,37,97%
144683- עירוני א',מודיעין מכבים רעות,ממלכתי,ירושלים,יהודי,ציפי יעקב,דביר שלומי,ז,4,רגיל,36,1,36,100%,36,100%,33,92%
144683- עירוני א',מודיעין מכבים רעות,ממלכתי,ירושלים,יהודי,ציפי יעקב,דביר שלומי,ז,7,רגיל,27,1,27,100%,27,100%,27,100%
144683- עירוני א',מודיעין מכבים רעות,ממלכתי,ירושלים,יהודי,ציפי יעקב,דביר שלומי,ז,2,רגיל,40,1,40,100%,38,95%,38,95%
144683- עירוני א',מודיעין מכבים רעות,ממלכתי,ירושלים,יהודי,ציפי יעקב,דביר שלומי,ז,5,רגיל,40,1,40,100%,37,93%,36,90%
144683- עירוני א',מודיעין מכבים רעות,ממלכתי,ירושלים,יהודי,ציפי יעקב,דביר שלומי,ז,6,רגיל,40,1,40,100%,36,90%,35,88%
144691- ישיבת נעם,ירושלים,ממלכתי דתי,העיר ירושלים,יהודי,אריה משה מארק,אבישי סגל,ז,3,רגיל,23,1,23,100%,19,83%,18,78%
144691- ישיבת נעם,ירושלים,ממלכתי דתי,העיר ירושלים,יהודי,אריה משה מארק,אבישי סגל,ז,1,רגיל,25,1,25,100%,2,8%,0,0%
144691- ישיבת נעם,ירושלים,ממלכתי דתי,העיר ירושלים,יהודי,אריה משה מארק,אבישי סגל,ז,2,רגיל,25,1,25,100%,1,4%,0,0%
"144717- אולפנת בנ""ע אורות מודיעין",מודיעין מכבים רעות,ממלכתי דתי,ירושלים,יהודי,תמר אודס,סגלית נחום,ז,5,רגיל,27,1,27,100%,27,100%,27,100%
"144717- אולפנת בנ""ע אורות מודיעין",מודיעין מכבים רעות,ממלכתי דתי,ירושלים,יהודי,תמר אודס,סגלית נחום,ז,1,רגיל,30,1,28,93%,28,93%,27,90%
"144717- אולפנת בנ""ע אורות מודיעין",מודיעין מכבים רעות,ממלכתי דתי,ירושלים,יהודי,תמר אודס,סגלית נחום,ז,2,רגיל,30,1,23,77%,21,70%,21,70%
"144717- אולפנת בנ""ע אורות מודיעין",מודיעין מכבים רעות,ממלכתי דתי,ירושלים,יהודי,תמר אודס,סגלית נחום,ז,4,רגיל,30,1,23,77%,12,40%,12,40%
"144741- ע""ש רא""ל מרדכי גור",מודיעין מכבים רעות,ממלכתי,ירושלים,יהודי,ציפי יעקב,שרית סנואני,ז,5,רגיל,32,1,32,100%,30,94%,29,91%
"144741- ע""ש רא""ל מרדכי גור",מודיעין מכבים רעות,ממלכתי,ירושלים,יהודי,ציפי יעקב,שרית סנואני,ז,6,רגיל,35,1,35,100%,32,91%,31,89%
"144741- ע""ש רא""ל מרדכי גור",מודיעין מכבים רעות,ממלכתי,ירושלים,יהודי,ציפי יעקב,שרית סנואני,ז,1,רגיל,36,1,36,100%,32,89%,31,86%
"144741- ע""ש רא""ל מרדכי גור",מודיעין מכבים רעות,ממלכתי,ירושלים,יהודי,ציפי יעקב,שרית סנואני,ז,2,רגיל,34,1,34,100%,29,85%,26,76%
"144741- ע""ש רא""ל מרדכי גור",מודיעין מכבים רעות,ממלכתי,ירושלים,יהודי,ציפי יעקב,שרית סנואני,ז,4,רגיל,33,1,33,100%,25,76%,25,76%
"144741- ע""ש רא""ל מרדכי גור",מודיעין מכבים רעות,ממלכתי,ירושלים,יהודי,ציפי יעקב,שרית סנואני,ז,3,מיוחד,14,1,1,7%,1,7%,1,7%
"144758- ישיבת בנ""ע פסגת זאב",ירושלים,ממלכתי דתי,העיר ירושלים,יהודי,שרה טוויל,רענן-יוסף שרמן,ז,1,רגיל,33,1,18,55%,3,9%,0,0%
"144766- ישיבת בנ""ע נר תמיד חשמונאים",מטה בנימין,ממלכתי דתי,ירושלים,יהודי,תמר אודס,איתמר ליברמן,ז,3,רגיל,36,1,36,100%,12,33%,11,31%
"144766- ישיבת בנ""ע נר תמיד חשמונאים",מטה בנימין,ממלכתי דתי,ירושלים,יהודי,תמר אודס,איתמר ליברמן,ז,4,רגיל,24,1,24,100%,3,13%,3,13%
"144766- ישיבת בנ""ע נר תמיד חשמונאים",מטה בנימין,ממלכתי דתי,ירושלים,יהודי,תמר אודס,איתמר ליברמן,ז,1,רגיל,27,1,27,100%,2,7%,1,4%
148056- תיכון בית צפאפא,ירושלים,ממלכתי,העיר ירושלים,ערבי,נגוהה פרחאת,האשם בדר,ז,4,רגיל,32,1,30,94%,28,88%,28,88%
148056- תיכון בית צפאפא,ירושלים,ממלכתי,העיר ירושלים,ערבי,נגוהה פרחאת,האשם בדר,ז,3,רגיל,34,1,25,74%,22,65%,22,65%
148056- תיכון בית צפאפא,ירושלים,ממלכתי,העיר ירושלים,ערבי,נגוהה פרחאת,האשם בדר,ז,6,רגיל,24,1,11,46%,9,38%,9,38%
148056- תיכון בית צפאפא,ירושלים,ממלכתי,העיר ירושלים,ערבי,נגוהה פרחאת,האשם בדר,ז,5,רגיל,26,1,10,38%,9,35%,9,35%
148080- מקיף אבו גוש,אבו גוש,ממלכתי,ירושלים,ערבי,ציפי יעקב,ווגיהה איברהים,ז,3,רגיל,29,1,29,100%,29,100%,29,100%
148080- מקיף אבו גוש,אבו גוש,ממלכתי,ירושלים,ערבי,ציפי יעקב,ווגיהה איברהים,ז,2,רגיל,23,1,23,100%,19,83%,18,78%
148080- מקיף אבו גוש,אבו גוש,ממלכתי,ירושלים,ערבי,ציפי יעקב,ווגיהה איברהים,ז,1,רגיל,20,1,20,100%,12,60%,12,60%
148155- תיכון שועפט,ירושלים,ממלכתי,העיר ירושלים,ערבי,ענאן קאסם,נאדר נירוך,ז,2,רגיל,34,1,34,100%,34,100%,34,100%
148155- תיכון שועפט,ירושלים,ממלכתי,העיר ירושלים,ערבי,ענאן קאסם,נאדר נירוך,ז,4,רגיל,34,1,34,100%,34,100%,33,97%
148155- תיכון שועפט,ירושלים,ממלכתי,העיר ירושלים,ערבי,ענאן קאסם,נאדר נירוך,ז,3,רגיל,33,1,33,100%,33,100%,33,100%
148155- תיכון שועפט,ירושלים,ממלכתי,העיר ירושלים,ערבי,ענאן קאסם,נאדר נירוך,ז,6,רגיל,32,1,32,100%,32,100%,30,94%
148155- תיכון שועפט,ירושלים,ממלכתי,העיר ירושלים,ערבי,ענאן קאסם,נאדר נירוך,ז,5,רגיל,27,1,27,100%,27,100%,25,93%
148155- תיכון שועפט,ירושלים,ממלכתי,העיר ירושלים,ערבי,ענאן קאסם,נאדר נירוך,ז,1,רגיל,32,1,32,100%,31,97%,31,97%
148197- מקיף בית חנינה,ירושלים,ממלכתי,העיר ירושלים,ערבי,ענאן קאסם,מגדי עוויסאת,ז,1,רגיל,29,1,28,97%,24,83%,22,76%
148197- מקיף בית חנינה,ירושלים,ממלכתי,העיר ירושלים,ערבי,ענאן קאסם,מגדי עוויסאת,ז,4,רגיל,32,1,32,100%,20,63%,20,63%
148197- מקיף בית חנינה,ירושלים,ממלכתי,העיר ירושלים,ערבי,ענאן קאסם,מגדי עוויסאת,ז,2,רגיל,25,1,25,100%,12,48%,8,32%
148197- מקיף בית חנינה,ירושלים,ממלכתי,העיר ירושלים,ערבי,ענאן קאסם,מגדי עוויסאת,ז,3,רגיל,30,1,29,97%,11,37%,8,27%
148247- מקיף שש שנתי אלטור לבנים,ירושלים,ממלכתי,העיר ירושלים,ערבי,ענאן קאסם,מוחמד דעיס,ז,2,רגיל,26,1,26,100%,26,100%,26,100%
148247- מקיף שש שנתי אלטור לבנים,ירושלים,ממלכתי,העיר ירושלים,ערבי,ענאן קאסם,מוחמד דעיס,ז,1,רגיל,21,1,20,95%,20,95%,20,95%
148247- מקיף שש שנתי אלטור לבנים,ירושלים,ממלכתי,העיר ירושלים,ערבי,ענאן קאסם,מוחמד דעיס,ז,4,רגיל,28,1,2,7%,2,7%,2,7%
148254- שועפט בנות ב',ירושלים,ממלכתי,העיר ירושלים,ערבי,ח'לדון האדיה,מיסון חלאק,ז,2,רגיל,34,1,33,97%,33,97%,33,97%
148262- אלעלא,ירושלים,ממלכתי,העיר ירושלים,ערבי,ענאן קאסם,סלאם עיד,ז,2,רגיל,27,1,24,89%,23,85%,22,81%
148262- אלעלא,ירושלים,ממלכתי,העיר ירושלים,ערבי,ענאן קאסם,סלאם עיד,ז,1,רגיל,25,1,13,52%,12,48%,12,48%
148288- כפר עקב,ירושלים,ממלכתי,העיר ירושלים,ערבי,ח'לדון האדיה,אוסאמה טוטח,ז,3,רגיל,36,1,18,50%,16,44%,16,44%
148288- כפר עקב,ירושלים,ממלכתי,העיר ירושלים,ערבי,ח'לדון האדיה,אוסאמה טוטח,ז,1,רגיל,37,1,12,32%,8,22%,8,22%
148288- כפר עקב,ירושלים,ממלכתי,העיר ירושלים,ערבי,ח'לדון האדיה,אוסאמה טוטח,ז,2,רגיל,39,1,1,3%,0,0%,0,0%
160242- מקיף קשת,ירושלים,ממלכתי,העיר ירושלים,יהודי,דוד נמרוד-סימרוט,אורית צילה סומר,ז,2,רגיל,31,1,31,100%,4,13%,0,0%
160242- מקיף קשת,ירושלים,ממלכתי,העיר ירושלים,יהודי,דוד נמרוד-סימרוט,אורית צילה סומר,ז,1,רגיל,32,1,32,100%,1,3%,1,3%
160259- ליבי,ירושלים,ממלכתי דתי,העיר ירושלים,יהודי,שרה טוויל,ענבל ישראלי,ז,2,רגיל,24,1,24,100%,0,0%,0,0%
160259- ליבי,ירושלים,ממלכתי דתי,העיר ירושלים,יהודי,שרה טוויל,ענבל ישראלי,ז,1,רגיל,21,1,21,100%,0,0%,0,0%
160416- רעות קהילה דתית,ירושלים,ממלכתי,העיר ירושלים,יהודי,דוד נמרוד-סימרוט,עמיעד יעקב מלצר,ז,4,רגיל,27,1,27,100%,27,100%,27,100%
160416- רעות קהילה דתית,ירושלים,ממלכתי,העיר ירושלים,יהודי,דוד נמרוד-סימרוט,עמיעד יעקב מלצר,ז,1,רגיל,23,1,23,100%,23,100%,23,100%
160416- רעות קהילה דתית,ירושלים,ממלכתי,העיר ירושלים,יהודי,דוד נמרוד-סימרוט,עמיעד יעקב מלצר,ז,5,רגיל,27,1,26,96%,25,93%,25,93%
160416- רעות קהילה דתית,ירושלים,ממלכתי,העיר ירושלים,יהודי,דוד נמרוד-סימרוט,עמיעד יעקב מלצר,ז,3,רגיל,22,1,22,100%,20,91%,20,91%
160432- ברנקו וייס מקיף בית שמש,בית שמש,ממלכתי,ירושלים,יהודי,ציפי יעקב,שמעון ויס,ז,4,רגיל,30,1,30,100%,29,97%,29,97%
160432- ברנקו וייס מקיף בית שמש,בית שמש,ממלכתי,ירושלים,יהודי,ציפי יעקב,שמעון ויס,ז,7,רגיל,32,1,31,97%,30,94%,30,94%
160432- ברנקו וייס מקיף בית שמש,בית שמש,ממלכתי,ירושלים,יהודי,ציפי יעקב,שמעון ויס,ז,6,רגיל,28,1,28,100%,26,93%,26,93%
160432- ברנקו וייס מקיף בית שמש,בית שמש,ממלכתי,ירושלים,יהודי,ציפי יעקב,שמעון ויס,ז,1,רגיל,29,1,29,100%,25,86%,23,79%
160432- ברנקו וייס מקיף בית שמש,בית שמש,ממלכתי,ירושלים,יהודי,ציפי יעקב,שמעון ויס,ז,5,רגיל,29,1,29,100%,13,45%,11,38%
160473- אלוואדי למצוינות,ירושלים,ממלכתי,העיר ירושלים,ערבי,ענאן קאסם,עבדלרחמן אחסין,ז,3,רגיל,27,1,27,100%,27,100%,27,100%
160473- אלוואדי למצוינות,ירושלים,ממלכתי,העיר ירושלים,ערבי,ענאן קאסם,עבדלרחמן אחסין,ז,1,רגיל,29,1,28,97%,27,93%,27,93%
160473- אלוואדי למצוינות,ירושלים,ממלכתי,העיר ירושלים,ערבי,ענאן קאסם,עבדלרחמן אחסין,ז,2,רגיל,27,1,23,85%,22,81%,21,78%
"160549- אמי""ת איתן",מעלה אדומים,ממלכתי דתי,ירושלים,יהודי,יעקב עמר,שלמה אליהו דהן,ז,3,רגיל,24,1,19,79%,19,79%,19,79%
"160549- אמי""ת איתן",מעלה אדומים,ממלכתי דתי,ירושלים,יהודי,יעקב עמר,שלמה אליהו דהן,ז,4,רגיל,25,1,25,100%,9,36%,7,28%
"160549- אמי""ת איתן",מעלה אדומים,ממלכתי דתי,ירושלים,יהודי,יעקב עמר,שלמה אליהו דהן,ז,1,רגיל,24,1,24,100%,5,21%,4,17%
160598- ארץ הצבי,ירושלים,ממלכתי דתי,העיר ירושלים,יהודי,שרה טוויל,יוסף איזמן,ז,1,רגיל,24,1,2,8%,2,8%,2,8%
"165852- ישיבת בנ""ע לפיד מודיעין",מודיעין מכבים רעות,ממלכתי דתי,ירושלים,יהודי,תמר אודס,שמואל חיים רוזנבלום,ז,7,רגיל,28,1,28,100%,26,93%,26,93%
"165852- ישיבת בנ""ע לפיד מודיעין",מודיעין מכבים רעות,ממלכתי דתי,ירושלים,יהודי,תמר אודס,שמואל חיים רוזנבלום,ז,5,רגיל,31,1,30,97%,22,71%,20,65%
"165852- ישיבת בנ""ע לפיד מודיעין",מודיעין מכבים רעות,ממלכתי דתי,ירושלים,יהודי,תמר אודס,שמואל חיים רוזנבלום,ז,2,רגיל,32,1,32,100%,16,50%,16,50%
"165852- ישיבת בנ""ע לפיד מודיעין",מודיעין מכבים רעות,ממלכתי דתי,ירושלים,יהודי,תמר אודס,שמואל חיים רוזנבלום,ז,4,רגיל,29,1,29,100%,5,17%,4,14%
"165852- ישיבת בנ""ע לפיד מודיעין",מודיעין מכבים רעות,ממלכתי דתי,ירושלים,יהודי,תמר אודס,שמואל חיים רוזנבלום,ז,3,רגיל,35,1,34,97%,3,9%,3,9%
168419- אולפנת צביה יצירתית,ירושלים,ממלכתי דתי,העיר ירושלים,יהודי,אריה משה מארק,צפורה כהן,ז,1,רגיל,27,1,27,100%,21,78%,21,78%
168419- אולפנת צביה יצירתית,ירושלים,ממלכתי דתי,העיר ירושלים,יהודי,אריה משה מארק,צפורה כהן,ז,2,רגיל,34,1,34,100%,25,74%,24,71%
170043- תיכון שחרית,ירושלים,ממלכתי דתי,העיר ירושלים,יהודי,אריה משה מארק,רני חזון וייס,ז,3,רגיל,19,1,19,100%,19,100%,19,100%
170043- תיכון שחרית,ירושלים,ממלכתי דתי,העיר ירושלים,יהודי,אריה משה מארק,רני חזון וייס,ז,1,רגיל,23,1,23,100%,17,74%,17,74%
"170092- קשת ראם ע""ש אליס סליגסברג",ירושלים,ממלכתי,העיר ירושלים,יהודי,דוד נמרוד-סימרוט,גלית חזיזה קמיניץ,ז,4,רגיל,23,1,23,100%,14,61%,13,57%
"170092- קשת ראם ע""ש אליס סליגסברג",ירושלים,ממלכתי,העיר ירושלים,יהודי,דוד נמרוד-סימרוט,גלית חזיזה קמיניץ,ז,1,רגיל,23,1,16,70%,1,4%,1,4%
"170092- קשת ראם ע""ש אליס סליגסברג",ירושלים,ממלכתי,העיר ירושלים,יהודי,דוד נמרוד-סימרוט,גלית חזיזה קמיניץ,ז,2,רגיל,23,1,10,43%,1,4%,1,4%
"170092- קשת ראם ע""ש אליס סליגסברג",ירושלים,ממלכתי,העיר ירושלים,יהודי,דוד נמרוד-סימרוט,גלית חזיזה קמיניץ,ז,3,מיוחד,13,1,13,100%,0,0%,0,0%
170399- חטיב אורט מינקןף,ירושלים,ממלכתי,העיר ירושלים,יהודי,דוד נמרוד-סימרוט,תמר כספי,ז,2,רגיל,31,1,30,97%,27,87%,27,87%
170399- חטיב אורט מינקןף,ירושלים,ממלכתי,העיר ירושלים,יהודי,דוד נמרוד-סימרוט,תמר כספי,ז,4,רגיל,34,1,34,100%,29,85%,28,82%
170399- חטיב אורט מינקןף,ירושלים,ממלכתי,העיר ירושלים,יהודי,דוד נמרוד-סימרוט,תמר כספי,ז,3,רגיל,36,1,35,97%,27,75%,21,58%
170399- חטיב אורט מינקןף,ירושלים,ממלכתי,העיר ירושלים,יהודי,דוד נמרוד-סימרוט,תמר כספי,ז,6,רגיל,35,1,34,97%,26,74%,26,74%
170399- חטיב אורט מינקןף,ירושלים,ממלכתי,העיר ירושלים,יהודי,דוד נמרוד-סימרוט,תמר כספי,ז,1,רגיל,36,1,36,100%,0,0%,0,0%
170399- חטיב אורט מינקןף,ירושלים,ממלכתי,העיר ירושלים,יהודי,דוד נמרוד-סימרוט,תמר כספי,ז,5,מיוחד,9,1,9,100%,0,0%,0,0%
170514- אורט פלך בנים ספניאן,ירושלים,ממלכתי דתי,העיר ירושלים,יהודי,שרה טוויל,דורון לופז,ז,1,רגיל,23,1,22,96%,22,96%,22,96%
170514- אורט פלך בנים ספניאן,ירושלים,ממלכתי דתי,העיר ירושלים,יהודי,שרה טוויל,דורון לופז,ז,2,רגיל,27,1,27,100%,23,85%,23,85%
170514- אורט פלך בנים ספניאן,ירושלים,ממלכתי דתי,העיר ירושלים,יהודי,שרה טוויל,דורון לופז,ז,3,רגיל,26,1,25,96%,22,85%,22,85%
170514- אורט פלך בנים ספניאן,ירושלים,ממלכתי דתי,העיר ירושלים,יהודי,שרה טוויל,דורון לופז,ז,4,מיוחד,14,1,14,100%,0,0%,0,0%
170803- עמל תעופה וחלל,מעלה אדומים,ממלכתי,ירושלים,יהודי,ציפי יעקב,יהודית אילוק,ז,6,רגיל,37,1,37,100%,37,100%,36,97%
170803- עמל תעופה וחלל,מעלה אדומים,ממלכתי,ירושלים,יהודי,ציפי יעקב,יהודית אילוק,ז,5,רגיל,36,1,36,100%,34,94%,31,86%
170803- עמל תעופה וחלל,מעלה אדומים,ממלכתי,ירושלים,יהודי,ציפי יעקב,יהודית אילוק,ז,1,רגיל,33,1,32,97%,31,94%,31,94%
170803- עמל תעופה וחלל,מעלה אדומים,ממלכתי,ירושלים,יהודי,ציפי יעקב,יהודית אילוק,ז,3,רגיל,26,1,26,100%,23,88%,23,88%
170803- עמל תעופה וחלל,מעלה אדומים,ממלכתי,ירושלים,יהודי,ציפי יעקב,יהודית אילוק,ז,4,מיוחד,11,1,11,100%,8,73%,6,55%
170803- עמל תעופה וחלל,מעלה אדומים,ממלכתי,ירושלים,יהודי,ציפי יעקב,יהודית אילוק,ז,2,רגיל,30,1,30,100%,21,70%,21,70%
178137- אמירה בסמא,ירושלים,ממלכתי,העיר ירושלים,ערבי,ענאן קאסם,שירין סעיד,ז,1,רגיל,23,1,22,96%,0,0%,0,0%
178137- אמירה בסמא,ירושלים,ממלכתי,העיר ירושלים,ערבי,ענאן קאסם,שירין סעיד,ז,2,רגיל,5,1,1,20%,0,0%,0,0%
178178- סאחורה מכין בנות,ירושלים,ממלכתי,העיר ירושלים,ערבי,רנה ח'לף,אמאל אשקיראת,ז,3,רגיל,32,1,32,100%,32,100%,32,100%
178178- סאחורה מכין בנות,ירושלים,ממלכתי,העיר ירושלים,ערבי,רנה ח'לף,אמאל אשקיראת,ז,4,רגיל,30,1,30,100%,30,100%,30,100%
178178- סאחורה מכין בנות,ירושלים,ממלכתי,העיר ירושלים,ערבי,רנה ח'לף,אמאל אשקיראת,ז,6,רגיל,30,1,30,100%,30,100%,30,100%
178178- סאחורה מכין בנות,ירושלים,ממלכתי,העיר ירושלים,ערבי,רנה ח'לף,אמאל אשקיראת,ז,2,רגיל,28,1,28,100%,28,100%,28,100%
178178- סאחורה מכין בנות,ירושלים,ממלכתי,העיר ירושלים,ערבי,רנה ח'לף,אמאל אשקיראת,ז,5,רגיל,24,1,24,100%,24,100%,24,100%
178178- סאחורה מכין בנות,ירושלים,ממלכתי,העיר ירושלים,ערבי,רנה ח'לף,אמאל אשקיראת,ז,1,רגיל,26,1,26,100%,25,96%,25,96%
179754- כפר עקב חדש,ירושלים,ממלכתי,העיר ירושלים,ערבי,ח'לדון האדיה,אמאני פלאח,ז,1,רגיל,31,1,31,100%,31,100%,31,100%
179754- כפר עקב חדש,ירושלים,ממלכתי,העיר ירושלים,ערבי,ח'לדון האדיה,אמאני פלאח,ז,3,רגיל,28,1,28,100%,28,100%,28,100%
179754- כפר עקב חדש,ירושלים,ממלכתי,העיר ירושלים,ערבי,ח'לדון האדיה,אמאני פלאח,ז,2,רגיל,26,1,26,100%,26,100%,26,100%
186908- אולפנא בני עקיבא נריה,מטה בנימין,ממלכתי דתי,ירושלים,יהודי,תמר אודס,יניב כהן,ז,4,רגיל,26,1,26,100%,26,100%,26,100%
186908- אולפנא בני עקיבא נריה,מטה בנימין,ממלכתי דתי,ירושלים,יהודי,תמר אודס,יניב כהן,ז,5,רגיל,23,1,23,100%,22,96%,22,96%
186908- אולפנא בני עקיבא נריה,מטה בנימין,ממלכתי דתי,ירושלים,יהודי,תמר אודס,יניב כהן,ז,1,רגיל,25,1,25,100%,23,92%,22,88%
186908- אולפנא בני עקיבא נריה,מטה בנימין,ממלכתי דתי,ירושלים,יהודי,תמר אודס,יניב כהן,ז,3,רגיל,25,1,25,100%,23,92%,23,92%
"188086- דמוקרטי ע""ש נדב",מודיעין מכבים רעות,ממלכתי,ירושלים,יהודי,טל כהן,מירב ניר הוד,ז,1,רגיל,34,1,4,12%,0,0%,0,0%
"192997- חט""ב עיסוויה בנים",ירושלים,ממלכתי,העיר ירושלים,ערבי,ענאן קאסם,חדר עביד,ז,4,רגיל,24,1,24,100%,24,100%,24,100%
"192997- חט""ב עיסוויה בנים",ירושלים,ממלכתי,העיר ירושלים,ערבי,ענאן קאסם,חדר עביד,ז,3,רגיל,33,1,33,100%,31,94%,31,94%
"192997- חט""ב עיסוויה בנים",ירושלים,ממלכתי,העיר ירושלים,ערבי,ענאן קאסם,חדר עביד,ז,2,רגיל,32,1,32,100%,30,94%,30,94%
"192997- חט""ב עיסוויה בנים",ירושלים,ממלכתי,העיר ירושלים,ערבי,ענאן קאסם,חדר עביד,ז,1,רגיל,31,1,31,100%,29,94%,29,94%
"192997- חט""ב עיסוויה בנים",ירושלים,ממלכתי,העיר ירושלים,ערבי,ענאן קאסם,חדר עביד,ז,5,רגיל,33,1,33,100%,29,88%,29,88%
193003- מקיף עיסוואיה לבנות,ירושלים,ממלכתי,העיר ירושלים,ערבי,ענאן קאסם,פאטמה עבידאת,ז,3,רגיל,23,1,23,100%,23,100%,23,100%
193003- מקיף עיסוואיה לבנות,ירושלים,ממלכתי,העיר ירושלים,ערבי,ענאן קאסם,פאטמה עבידאת,ז,1,רגיל,28,1,28,100%,27,96%,27,96%
193003- מקיף עיסוואיה לבנות,ירושלים,ממלכתי,העיר ירושלים,ערבי,ענאן קאסם,פאטמה עבידאת,ז,5,רגיל,26,1,25,96%,25,96%,22,85%
193003- מקיף עיסוואיה לבנות,ירושלים,ממלכתי,העיר ירושלים,ערבי,ענאן קאסם,פאטמה עבידאת,ז,2,רגיל,29,1,29,100%,27,93%,27,93%
193003- מקיף עיסוואיה לבנות,ירושלים,ממלכתי,העיר ירושלים,ערבי,ענאן קאסם,פאטמה עבידאת,ז,4,רגיל,27,1,27,100%,24,89%,22,81%
193003- מקיף עיסוואיה לבנות,ירושלים,ממלכתי,העיר ירושלים,ערבי,ענאן קאסם,פאטמה עבידאת,ז,6,מיוחד,15,1,1,7%,0,0%,0,0%
193185- אולפנת שעלי תורה,בית שמש,ממלכתי דתי,ירושלים,יהודי,תמר אודס,אלעד בן אליהו,ז,3,רגיל,34,1,34,100%,26,76%,25,74%
193185- אולפנת שעלי תורה,בית שמש,ממלכתי דתי,ירושלים,יהודי,תמר אודס,אלעד בן אליהו,ז,1,רגיל,32,1,32,100%,22,69%,22,69%
193185- אולפנת שעלי תורה,בית שמש,ממלכתי דתי,ירושלים,יהודי,תמר אודס,אלעד בן אליהו,ז,2,מיוחד,11,1,11,100%,0,0%,0,0%
"198085- חט""ב ראס אל-עמוד",ירושלים,ממלכתי,העיר ירושלים,ערבי,רנה ח'לף,סאלח סאלח,ז,1,רגיל,25,1,1,4%,0,0%,0,0%
198192- תיכון צור באהר,ירושלים,ממלכתי,העיר ירושלים,ערבי,רנה ח'לף,היתאם סלאמה,ז,1,רגיל,26,1,26,100%,26,100%,26,100%
198192- תיכון צור באהר,ירושלים,ממלכתי,העיר ירושלים,ערבי,רנה ח'לף,היתאם סלאמה,ז,3,רגיל,24,1,24,100%,24,100%,24,100%
198192- תיכון צור באהר,ירושלים,ממלכתי,העיר ירושלים,ערבי,רנה ח'לף,היתאם סלאמה,ז,2,רגיל,23,1,21,91%,21,91%,21,91%
198192- תיכון צור באהר,ירושלים,ממלכתי,העיר ירושלים,ערבי,רנה ח'לף,היתאם סלאמה,ז,4,רגיל,31,1,29,94%,25,81%,25,81%
237354- תיכון יחד,מודיעין מכבים רעות,ממלכתי,ירושלים,יהודי,ציפי יעקב,שגיב אלבז,ז,3,רגיל,33,1,33,100%,30,91%,30,91%
237354- תיכון יחד,מודיעין מכבים רעות,ממלכתי,ירושלים,יהודי,ציפי יעקב,שגיב אלבז,ז,4,רגיל,34,1,33,97%,27,79%,27,79%
237354- תיכון יחד,מודיעין מכבים רעות,ממלכתי,ירושלים,יהודי,ציפי יעקב,שגיב אלבז,ז,2,רגיל,35,1,34,97%,25,71%,25,71%
237354- תיכון יחד,מודיעין מכבים רעות,ממלכתי,ירושלים,יהודי,ציפי יעקב,שגיב אלבז,ז,1,רגיל,34,1,33,97%,24,71%,24,71%
238121- אולפנת נוגה,מטה יהודה,ממלכתי דתי,ירושלים,יהודי,תמר אודס,מרים לאה קורן,ז,3,רגיל,30,1,30,100%,24,80%,24,80%
238121- אולפנת נוגה,מטה יהודה,ממלכתי דתי,ירושלים,יהודי,תמר אודס,מרים לאה קורן,ז,2,רגיל,30,1,1,3%,0,0%,0,0%
239871- סמהר לבנות,ירושלים,ממלכתי,העיר ירושלים,ערבי,ענאן קאסם,אמאל טחאן,ז,2,רגיל,39,1,39,100%,36,92%,36,92%
239871- סמהר לבנות,ירושלים,ממלכתי,העיר ירושלים,ערבי,ענאן קאסם,אמאל טחאן,ז,3,רגיל,29,1,29,100%,24,83%,24,83%
239871- סמהר לבנות,ירושלים,ממלכתי,העיר ירושלים,ערבי,ענאן קאסם,אמאל טחאן,ז,1,רגיל,38,1,38,100%,19,50%,19,50%
246041- אהבת ישראל,ירושלים,ממלכתי דתי,העיר ירושלים,יהודי,שירה יזדי,סיון דוד,ז,1,רגיל,27,1,25,93%,25,93%,25,93%
338418- עתיד דביר בנים,בית שמש,ממלכתי דתי,ירושלים,יהודי,תמר אודס,אברהם שושן,ז,1,רגיל,31,1,31,100%,29,94%,29,94%
338418- עתיד דביר בנים,בית שמש,ממלכתי דתי,ירושלים,יהודי,תמר אודס,אברהם שושן,ז,2,רגיל,31,1,31,100%,27,87%,26,84%
338418- עתיד דביר בנים,בית שמש,ממלכתי דתי,ירושלים,יהודי,תמר אודס,אברהם שושן,ז,3,מיוחד,12,1,12,100%,10,83%,10,83%
"338509- חט""ב לבונה",בית אריה,ממלכתי,ירושלים,יהודי,ציפי יעקב,חן בן שמעון,ז,3,רגיל,24,1,24,100%,24,100%,24,100%
"338509- חט""ב לבונה",בית אריה,ממלכתי,ירושלים,יהודי,ציפי יעקב,חן בן שמעון,ז,1,רגיל,22,1,22,100%,22,100%,22,100%
"338509- חט""ב לבונה",בית אריה,ממלכתי,ירושלים,יהודי,ציפי יעקב,חן בן שמעון,ז,2,רגיל,21,1,21,100%,21,100%,21,100%
"338509- חט""ב לבונה",בית אריה,ממלכתי,ירושלים,יהודי,ציפי יעקב,חן בן שמעון,ז,4,מיוחד,9,1,1,11%,0,0%,0,0%
"338616- שש שנתי אמי""ת בנות",מעלה אדומים,ממלכתי דתי,ירושלים,יהודי,יעקב עמר,רונית תשובה,ז,4,רגיל,27,1,27,100%,24,89%,24,89%
"338616- שש שנתי אמי""ת בנות",מעלה אדומים,ממלכתי דתי,ירושלים,יהודי,יעקב עמר,רונית תשובה,ז,1,רגיל,20,1,20,100%,14,70%,14,70%
"338616- שש שנתי אמי""ת בנות",מעלה אדומים,ממלכתי דתי,ירושלים,יהודי,יעקב עמר,רונית תשובה,ז,2,רגיל,20,1,20,100%,11,55%,11,55%
"338616- שש שנתי אמי""ת בנות",מעלה אדומים,ממלכתי דתי,ירושלים,יהודי,יעקב עמר,רונית תשובה,ז,3,מיוחד,10,1,1,10%,0,0%,0,0%
344911- אורט עירוני ד,מודיעין מכבים רעות,ממלכתי,ירושלים,יהודי,ציפי יעקב,צופית חדד,ז,6,רגיל,37,1,37,100%,37,100%,37,100%
344911- אורט עירוני ד,מודיעין מכבים רעות,ממלכתי,ירושלים,יהודי,ציפי יעקב,צופית חדד,ז,5,רגיל,35,1,35,100%,35,100%,35,100%
344911- אורט עירוני ד,מודיעין מכבים רעות,ממלכתי,ירושלים,יהודי,ציפי יעקב,צופית חדד,ז,4,רגיל,36,1,35,97%,35,97%,35,97%
344911- אורט עירוני ד,מודיעין מכבים רעות,ממלכתי,ירושלים,יהודי,ציפי יעקב,צופית חדד,ז,1,רגיל,29,1,29,100%,28,97%,28,97%
344911- אורט עירוני ד,מודיעין מכבים רעות,ממלכתי,ירושלים,יהודי,ציפי יעקב,צופית חדד,ז,3,רגיל,30,1,30,100%,28,93%,26,87%
344911- אורט עירוני ד,מודיעין מכבים רעות,ממלכתי,ירושלים,יהודי,ציפי יעקב,צופית חדד,ז,7,רגיל,29,1,29,100%,27,93%,27,93%
346494- תיכון יד ביד,ירושלים,ממלכתי,העיר ירושלים,יהודי,דוד נמרוד-סימרוט,דניאל עמוס דה שליט,ז,2,רגיל,28,1,18,64%,11,39%,11,39%
346494- תיכון יד ביד,ירושלים,ממלכתי,העיר ירושלים,יהודי,דוד נמרוד-סימרוט,דניאל עמוס דה שליט,ז,1,רגיל,24,1,7,29%,5,21%,5,21%
347757- סאדברי ירושלים,ירושלים,ממלכתי,העיר ירושלים,יהודי,אסנת עוזיאל,שחר יצחק גרוסמן,ז,1,רגיל,8,1,1,13%,1,13%,1,13%
353458- יסודי שועפט,ירושלים,ממלכתי,העיר ירושלים,ערבי,ענאן קאסם,מופיד אבו גוש,ז,2,רגיל,16,1,16,100%,16,100%,16,100%
353458- יסודי שועפט,ירושלים,ממלכתי,העיר ירושלים,ערבי,ענאן קאסם,מופיד אבו גוש,ז,1,רגיל,29,1,1,3%,0,0%,0,0%
353599- אהבת ישראל,בית שמש,ממלכתי דתי,ירושלים,יהודי,תמר אודס,עמיחי רוזנפלד,ז,1,רגיל,23,1,23,100%,14,61%,14,61%
353599- אהבת ישראל,בית שמש,ממלכתי דתי,ירושלים,יהודי,תמר אודס,עמיחי רוזנפלד,ז,2,רגיל,28,1,20,71%,17,61%,17,61%
362046- רנסנס,ירושלים,ממלכתי,העיר ירושלים,ערבי,ענאן קאסם,אסמת גחלב,ז,2,רגיל,20,1,14,70%,12,60%,8,40%
362046- רנסנס,ירושלים,ממלכתי,העיר ירושלים,ערבי,ענאן קאסם,אסמת גחלב,ז,1,רגיל,29,1,14,48%,14,48%,11,38%
"368084- בי""ס ע""י אלאספניול",ירושלים,ממלכתי,העיר ירושלים,ערבי,נגוהה פרחאת,סאלי רפידי,ז,1,רגיל,18,1,1,6%,1,6%,1,6%
417832- חן נריה,גוש עציון,ממלכתי דתי,ירושלים,יהודי,יעקב מאיר קושלבסקי,רוחמה ווגל,ז,2,רגיל,32,1,32,100%,32,100%,32,100%
417832- חן נריה,גוש עציון,ממלכתי דתי,ירושלים,יהודי,יעקב מאיר קושלבסקי,רוחמה ווגל,ז,1,רגיל,30,1,30,100%,30,100%,30,100%
420018- על יסודי צור הדסה,צור הדסה,ממלכתי,ירושלים,יהודי,ציפי יעקב,דביר קפלן,ז,5,רגיל,32,1,32,100%,0,0%,0,0%
420018- על יסודי צור הדסה,צור הדסה,ממלכתי,ירושלים,יהודי,ציפי יעקב,דביר קפלן,ז,1,רגיל,30,1,29,97%,0,0%,0,0%
420018- על יסודי צור הדסה,צור הדסה,ממלכתי,ירושלים,יהודי,ציפי יעקב,דביר קפלן,ז,7,מיוחד,7,1,4,57%,0,0%,0,0%
"440784- ראס אלעמוד ע""ס לבנות",ירושלים,ממלכתי,העיר ירושלים,ערבי,רנה ח'לף,אריג' ארנאוט,ז,5,רגיל,24,1,23,96%,23,96%,23,96%
"440784- ראס אלעמוד ע""ס לבנות",ירושלים,ממלכתי,העיר ירושלים,ערבי,רנה ח'לף,אריג' ארנאוט,ז,1,רגיל,23,1,22,96%,16,70%,16,70%
"440784- ראס אלעמוד ע""ס לבנות",ירושלים,ממלכתי,העיר ירושלים,ערבי,רנה ח'לף,אריג' ארנאוט,ז,3,רגיל,26,1,26,100%,0,0%,0,0%
"440784- ראס אלעמוד ע""ס לבנות",ירושלים,ממלכתי,העיר ירושלים,ערבי,רנה ח'לף,אריג' ארנאוט,ז,4,רגיל,26,1,25,96%,0,0%,0,0%
"442780- אמי""ת בנות מודיעין",מודיעין מכבים רעות,ממלכתי דתי,ירושלים,יהודי,תמר אודס,ליאת כהן וגשל,ז,2,רגיל,29,1,29,100%,26,90%,26,90%
"442780- אמי""ת בנות מודיעין",מודיעין מכבים רעות,ממלכתי דתי,ירושלים,יהודי,תמר אודס,ליאת כהן וגשל,ז,3,רגיל,32,1,31,97%,26,81%,25,78%
"442780- אמי""ת בנות מודיעין",מודיעין מכבים רעות,ממלכתי דתי,ירושלים,יהודי,תמר אודס,ליאת כהן וגשל,ז,4,רגיל,29,1,29,100%,19,66%,19,66%
"442780- אמי""ת בנות מודיעין",מודיעין מכבים רעות,ממלכתי דתי,ירושלים,יהודי,תמר אודס,ליאת כהן וגשל,ז,1,רגיל,30,1,30,100%,18,60%,18,60%
442822- ברנקו וייס עין נקובה,מטה יהודה,ממלכתי,ירושלים,ערבי,ציפי יעקב,איהאב אלזיאדנה,ז,1,רגיל,27,1,27,100%,20,74%,20,74%
442822- ברנקו וייס עין נקובה,מטה יהודה,ממלכתי,ירושלים,ערבי,ציפי יעקב,איהאב אלזיאדנה,ז,3,רגיל,24,1,24,100%,14,58%,10,42%
442822- ברנקו וייס עין נקובה,מטה יהודה,ממלכתי,ירושלים,ערבי,ציפי יעקב,איהאב אלזיאדנה,ז,2,רגיל,27,1,27,100%,9,33%,8,30%
442855- הרטמן בנות,ירושלים,ממלכתי דתי,העיר ירושלים,יהודי,שרה טוויל,מיכל הרטמן,ז,1,רגיל,30,1,30,100%,25,83%,18,60%
442855- הרטמן בנות,ירושלים,ממלכתי דתי,העיר ירושלים,יהודי,שרה טוויל,מיכל הרטמן,ז,3,רגיל,30,1,29,97%,24,80%,24,80%
442855- הרטמן בנות,ירושלים,ממלכתי דתי,העיר ירושלים,יהודי,שרה טוויל,מיכל הרטמן,ז,2,רגיל,29,1,29,100%,19,66%,17,59%
"450270- אמי""ת בנים מודיעין",מודיעין מכבים רעות,ממלכתי דתי,ירושלים,יהודי,תמר אודס,ליאור שמעון צ'קוטאי,ז,4,רגיל,32,1,32,100%,24,75%,24,75%
"450270- אמי""ת בנים מודיעין",מודיעין מכבים רעות,ממלכתי דתי,ירושלים,יהודי,תמר אודס,ליאור שמעון צ'קוטאי,ז,1,רגיל,37,1,35,95%,26,70%,25,68%
"450270- אמי""ת בנים מודיעין",מודיעין מכבים רעות,ממלכתי דתי,ירושלים,יהודי,תמר אודס,ליאור שמעון צ'קוטאי,ז,2,רגיל,34,1,32,94%,20,59%,19,56%
"450270- אמי""ת בנים מודיעין",מודיעין מכבים רעות,ממלכתי דתי,ירושלים,יהודי,תמר אודס,ליאור שמעון צ'קוטאי,ז,3,מיוחד,14,1,14,100%,0,0%,0,0%
460667- אולפנת אהבת ישראל,בית שמש,ממלכתי דתי,ירושלים,יהודי,תמר אודס,ורדית כהנא,ז,1,רגיל,33,1,33,100%,30,91%,30,91%
460667- אולפנת אהבת ישראל,בית שמש,ממלכתי דתי,ירושלים,יהודי,תמר אודס,ורדית כהנא,ז,2,רגיל,32,1,32,100%,25,78%,19,59%
477901- מקיף בית חנינה לבנות,ירושלים,ממלכתי,העיר ירושלים,ערבי,ענאן קאסם,ליאנא האשם,ז,1,רגיל,31,1,31,100%,31,100%,31,100%
477901- מקיף בית חנינה לבנות,ירושלים,ממלכתי,העיר ירושלים,ערבי,ענאן קאסם,ליאנא האשם,ז,2,רגיל,36,1,36,100%,1,3%,0,0%
511550- אום טובה לבנות,ירושלים,ממלכתי,העיר ירושלים,ערבי,מחמד אזברגה,מחמד אבו טיר,ז,1,רגיל,34,1,32,94%,32,94%,32,94%
511550- אום טובה לבנות,ירושלים,ממלכתי,העיר ירושלים,ערבי,מחמד אזברגה,מחמד אבו טיר,ז,2,רגיל,32,1,30,94%,30,94%,30,94%
512459- הניסויי כפר אדומים,מטה בנימין,ממלכתי דתי,ירושלים,יהודי,יוסף יעקב שינובר,נועם שכטר,ז,4,רגיל,24,1,24,100%,24,100%,24,100%
512459- הניסויי כפר אדומים,מטה בנימין,ממלכתי דתי,ירושלים,יהודי,יוסף יעקב שינובר,נועם שכטר,ז,1,רגיל,22,1,22,100%,22,100%,22,100%
512459- הניסויי כפר אדומים,מטה בנימין,ממלכתי דתי,ירושלים,יהודי,יוסף יעקב שינובר,נועם שכטר,ז,3,רגיל,25,1,25,100%,24,96%,23,92%
512459- הניסויי כפר אדומים,מטה בנימין,ממלכתי דתי,ירושלים,יהודי,יוסף יעקב שינובר,נועם שכטר,ז,2,רגיל,24,1,2,8%,1,4%,1,4%
512509- קדם,גוש עציון,ממלכתי דתי,ירושלים,יהודי,יעקב מאיר קושלבסקי,אהרון פרידלנדר,ז,2,רגיל,10,1,9,90%,8,80%,8,80%
512509- קדם,גוש עציון,ממלכתי דתי,ירושלים,יהודי,יעקב מאיר קושלבסקי,אהרון פרידלנדר,ז,1,רגיל,32,1,26,81%,24,75%,22,69%
"540500- ע""ש יצחק נבון מודיעין",מודיעין מכבים רעות,ממלכתי,ירושלים,יהודי,ציפי יעקב,ענבל לוי,ז,6,רגיל,36,1,36,100%,33,92%,33,92%
"540500- ע""ש יצחק נבון מודיעין",מודיעין מכבים רעות,ממלכתי,ירושלים,יהודי,ציפי יעקב,ענבל לוי,ז,5,רגיל,32,1,32,100%,29,91%,29,91%
"540500- ע""ש יצחק נבון מודיעין",מודיעין מכבים רעות,ממלכתי,ירושלים,יהודי,ציפי יעקב,ענבל לוי,ז,4,רגיל,32,1,28,88%,26,81%,26,81%
611871- מבוא חורון בנות,מטה בנימין,ממלכתי דתי,ירושלים,יהודי,יוסף יעקב שינובר,אורה קראוז,ז,1,רגיל,20,1,6,30%,3,15%,1,5%
611871- מבוא חורון בנות,מטה בנימין,ממלכתי דתי,ירושלים,יהודי,יוסף יעקב שינובר,אורה קראוז,ז,2,רגיל,20,1,5,25%,1,5%,1,5%
615948- ישיבת מקור חיים,ירושלים,ממלכתי דתי,העיר ירושלים,יהודי,שרה טוויל,יהונתן גוטמן,ז,2,רגיל,34,1,34,100%,31,91%,31,91%
615948- ישיבת מקור חיים,ירושלים,ממלכתי דתי,העיר ירושלים,יהודי,שרה טוויל,יהונתן גוטמן,ז,3,רגיל,32,1,32,100%,24,75%,24,75%
615948- ישיבת מקור חיים,ירושלים,ממלכתי דתי,העיר ירושלים,יהודי,שרה טוויל,יהונתן גוטמן,ז,1,רגיל,34,1,28,82%,20,59%,20,59%
616151- נווה השחר,גוש עציון,ממלכתי דתי,ירושלים,יהודי,יעקב מאיר קושלבסקי,טליה נחמה שקד,ז,51,רגיל,31,1,27,87%,27,87%,27,87%
616151- נווה השחר,גוש עציון,ממלכתי דתי,ירושלים,יהודי,יעקב מאיר קושלבסקי,טליה נחמה שקד,ז,52,רגיל,33,1,28,85%,28,85%,28,85%
616508- אלסופרא,ירושלים,ממלכתי,העיר ירושלים,ערבי,ח'לדון האדיה,רובא חשים אבו דייה,ז,3,רגיל,28,1,28,100%,28,100%,28,100%
616508- אלסופרא,ירושלים,ממלכתי,העיר ירושלים,ערבי,ח'לדון האדיה,רובא חשים אבו דייה,ז,2,רגיל,30,1,30,100%,29,97%,29,97%
616508- אלסופרא,ירושלים,ממלכתי,העיר ירושלים,ערבי,ח'לדון האדיה,רובא חשים אבו דייה,ז,1,רגיל,28,1,27,96%,26,93%,26,93%
616961- ארתיקאא לשפות,ירושלים,ממלכתי,העיר ירושלים,ערבי,ח'לדון האדיה,מלכה טרביה עזאם,ז,1,רגיל,20,1,19,95%,19,95%,19,95%
616961- ארתיקאא לשפות,ירושלים,ממלכתי,העיר ירושלים,ערבי,ח'לדון האדיה,מלכה טרביה עזאם,ז,2,רגיל,16,1,14,88%,14,88%,14,88%
617019- אשבאל אלקודס,ירושלים,ממלכתי,העיר ירושלים,ערבי,נור ח'טיב,מחמד הרבוק,ז,2,רגיל,23,1,20,87%,20,87%,20,87%
617019- אשבאל אלקודס,ירושלים,ממלכתי,העיר ירושלים,ערבי,נור ח'טיב,מחמד הרבוק,ז,1,רגיל,26,1,23,88%,22,85%,22,85%
634840- חיואר,ירושלים,ממלכתי,העיר ירושלים,ערבי,ענאן קאסם,מנאל דראושה,ז,2,רגיל,24,1,24,100%,24,100%,24,100%
634840- חיואר,ירושלים,ממלכתי,העיר ירושלים,ערבי,ענאן קאסם,מנאל דראושה,ז,1,רגיל,25,1,23,92%,23,92%,23,92%
634857- אלפא,ירושלים,ממלכתי,העיר ירושלים,ערבי,נור ח'טיב,אקרם אבראהים,ז,2,רגיל,24,1,23,96%,23,96%,23,96%
634857- אלפא,ירושלים,ממלכתי,העיר ירושלים,ערבי,נור ח'טיב,אקרם אבראהים,ז,1,רגיל,23,1,18,78%,17,74%,17,74%
641407- אלמתנבי,ירושלים,ממלכתי,העיר ירושלים,ערבי,ענאן קאסם,עאסם חסונה,ז,4,רגיל,23,1,23,100%,23,100%,23,100%
641407- אלמתנבי,ירושלים,ממלכתי,העיר ירושלים,ערבי,ענאן קאסם,עאסם חסונה,ז,3,רגיל,22,1,4,18%,4,18%,4,18%
641407- אלמתנבי,ירושלים,ממלכתי,העיר ירושלים,ערבי,ענאן קאסם,עאסם חסונה,ז,1,רגיל,18,1,1,6%,1,6%,1,6%
641415- רוואד אלקודס,ירושלים,ממלכתי,העיר ירושלים,ערבי,ענאן קאסם,נארימן אלתאג'י,ז,1,רגיל,29,1,29,100%,28,97%,28,97%
641415- רוואד אלקודס,ירושלים,ממלכתי,העיר ירושלים,ערבי,ענאן קאסם,נארימן אלתאג'י,ז,4,רגיל,30,1,30,100%,28,93%,28,93%
641415- רוואד אלקודס,ירושלים,ממלכתי,העיר ירושלים,ערבי,ענאן קאסם,נארימן אלתאג'י,ז,2,רגיל,29,1,29,100%,25,86%,24,83%
641415- רוואד אלקודס,ירושלים,ממלכתי,העיר ירושלים,ערבי,ענאן קאסם,נארימן אלתאג'י,ז,3,רגיל,25,1,25,100%,17,68%,17,68%
641464- אבדאע לאומניות.,ירושלים,ממלכתי,העיר ירושלים,ערבי,נגוהה פרחאת,מלחם בדר,ז,3,רגיל,15,1,15,100%,14,93%,14,93%
641464- אבדאע לאומניות.,ירושלים,ממלכתי,העיר ירושלים,ערבי,נגוהה פרחאת,מלחם בדר,ז,2,רגיל,25,1,22,88%,22,88%,21,84%
641464- אבדאע לאומניות.,ירושלים,ממלכתי,העיר ירושלים,ערבי,נגוהה פרחאת,מלחם בדר,ז,1,רגיל,28,1,26,93%,24,86%,24,86%
"641480- אולפנת בנ""ע שילה",מטה בנימין,ממלכתי דתי,ירושלים,יהודי,יעקב עמר,הדר ברינדל אטון,ז,4,רגיל,33,1,33,100%,31,94%,31,94%
"641480- אולפנת בנ""ע שילה",מטה בנימין,ממלכתי דתי,ירושלים,יהודי,יעקב עמר,הדר ברינדל אטון,ז,1,רגיל,33,1,30,91%,30,91%,30,91%
"641480- אולפנת בנ""ע שילה",מטה בנימין,ממלכתי דתי,ירושלים,יהודי,יעקב עמר,הדר ברינדל אטון,ז,3,רגיל,32,1,32,100%,21,66%,20,63%
"641480- אולפנת בנ""ע שילה",מטה בנימין,ממלכתי דתי,ירושלים,יהודי,יעקב עמר,הדר ברינדל אטון,ז,2,מיוחד,14,1,1,7%,0,0%,0,0%
"641498- ישיבה תיכונית בנ""ע עלי",מטה בנימין,ממלכתי דתי,ירושלים,יהודי,יעקב עמר,עובדיה בן משה,ז,1,רגיל,29,1,29,100%,29,100%,29,100%
"641498- ישיבה תיכונית בנ""ע עלי",מטה בנימין,ממלכתי דתי,ירושלים,יהודי,יעקב עמר,עובדיה בן משה,ז,3,רגיל,26,1,26,100%,25,96%,25,96%
"641498- ישיבה תיכונית בנ""ע עלי",מטה בנימין,ממלכתי דתי,ירושלים,יהודי,יעקב עמר,עובדיה בן משה,ז,2,מיוחד,10,1,10,100%,0,0%,0,0%
641522- על יסודי אדם,ירושלים,ממלכתי,העיר ירושלים,יהודי,דוד נמרוד-סימרוט,הילה מור,ז,1,רגיל,23,1,1,4%,0,0%,0,0%
641563- תיכון דרך,ירושלים,ממלכתי,העיר ירושלים,יהודי,דוד נמרוד-סימרוט,יפעת נדב,ז,1,רגיל,25,1,25,100%,23,92%,23,92%
641563- תיכון דרך,ירושלים,ממלכתי,העיר ירושלים,יהודי,דוד נמרוד-סימרוט,יפעת נדב,ז,2,רגיל,27,1,27,100%,16,59%,16,59%
641662- תבל תיכון רמות,ירושלים,ממלכתי,העיר ירושלים,יהודי,דוד נמרוד-סימרוט,גילי סלומון,ז,2,מיוחד,7,1,7,100%,7,100%,6,86%
641662- תבל תיכון רמות,ירושלים,ממלכתי,העיר ירושלים,יהודי,דוד נמרוד-סימרוט,גילי סלומון,ז,1,רגיל,19,1,19,100%,18,95%,18,95%
641662- תבל תיכון רמות,ירושלים,ממלכתי,העיר ירושלים,יהודי,דוד נמרוד-סימרוט,גילי סלומון,ז,3,רגיל,17,1,16,94%,16,94%,15,88%
645424- ניסוי ארגנטינה,ירושלים,ממלכתי,העיר ירושלים,יהודי,דוד נמרוד-סימרוט,גיל הלר,ז,1,רגיל,23,1,23,100%,22,96%,21,91%
645424- ניסוי ארגנטינה,ירושלים,ממלכתי,העיר ירושלים,יהודי,דוד נמרוד-סימרוט,גיל הלר,ז,2,רגיל,22,1,22,100%,17,77%,13,59%
650028- אלקימה,ירושלים,ממלכתי,העיר ירושלים,ערבי,ענאן קאסם,יאסמין בלעום,ז,1,רגיל,29,1,26,90%,18,62%,18,62%
650028- אלקימה,ירושלים,ממלכתי,העיר ירושלים,ערבי,ענאן קאסם,יאסמין בלעום,ז,2,מיוחד,11,1,1,9%,0,0%,0,0%
650523- אולפנת בית אל,בית אל,ממלכתי דתי,ירושלים,יהודי,יעקב עמר,רעות רוחמה טסלר,ז,2,רגיל,28,1,27,96%,26,93%,25,89%
650523- אולפנת בית אל,בית אל,ממלכתי דתי,ירושלים,יהודי,יעקב עמר,רעות רוחמה טסלר,ז,3,רגיל,26,1,26,100%,24,92%,24,92%
650523- אולפנת בית אל,בית אל,ממלכתי דתי,ירושלים,יהודי,יעקב עמר,רעות רוחמה טסלר,ז,1,רגיל,28,1,27,96%,24,86%,24,86%
668962- אלביאן מקיף,ירושלים,ממלכתי,העיר ירושלים,ערבי,רנה ח'לף,ראשה ג'בר,ז,2,רגיל,24,1,21,88%,21,88%,21,88%
668962- אלביאן מקיף,ירושלים,ממלכתי,העיר ירושלים,ערבי,רנה ח'לף,ראשה ג'בר,ז,1,רגיל,27,1,27,100%,23,85%,22,81%
"673822- התיכון הנכו""ן",מטה בנימין,ממלכתי,ירושלים,יהודי,ציפי יעקב,רונית ברק,ז,3,רגיל,29,1,29,100%,29,100%,29,100%
"673822- התיכון הנכו""ן",מטה בנימין,ממלכתי,ירושלים,יהודי,ציפי יעקב,רונית ברק,ז,4,רגיל,31,1,31,100%,30,97%,29,94%
"673822- התיכון הנכו""ן",מטה בנימין,ממלכתי,ירושלים,יהודי,ציפי יעקב,רונית ברק,ז,1,רגיל,33,1,32,97%,31,94%,31,94%
"673822- התיכון הנכו""ן",מטה בנימין,ממלכתי,ירושלים,יהודי,ציפי יעקב,רונית ברק,ז,2,רגיל,31,1,31,100%,28,90%,28,90%
"673822- התיכון הנכו""ן",מטה בנימין,ממלכתי,ירושלים,יהודי,ציפי יעקב,רונית ברק,ז,5,מיוחד,10,1,10,100%,8,80%,8,80%
681288- תיכון לביא,מטה בנימין,ממלכתי דתי,ירושלים,יהודי,יעקב עמר,אברהם קימל,ז,2,רגיל,25,1,25,100%,8,32%,3,12%
681288- תיכון לביא,מטה בנימין,ממלכתי דתי,ירושלים,יהודי,יעקב עמר,אברהם קימל,ז,1,רגיל,21,1,21,100%,1,5%,0,0%
715623- מקיף אלסלעה,ירושלים,ממלכתי,העיר ירושלים,ערבי,רנה ח'לף,ולאא גול,ז,1,רגיל,21,1,21,100%,21,100%,21,100%
715623- מקיף אלסלעה,ירושלים,ממלכתי,העיר ירושלים,ערבי,רנה ח'לף,ולאא גול,ז,2,רגיל,33,1,33,100%,14,42%,12,36%
715623- מקיף אלסלעה,ירושלים,ממלכתי,העיר ירושלים,ערבי,רנה ח'לף,ולאא גול,ז,3,רגיל,34,1,34,100%,11,32%,9,26%
743369- טרה סנטה בית חנינא,ירושלים,ממלכתי,העיר ירושלים,ערבי,מחמד אזברגה,גורג אבו סעדה,ז,1,רגיל,16,1,15,94%,13,81%,12,75%
"770727- אולפנת בנ""ע טל רמות",ירושלים,ממלכתי דתי,העיר ירושלים,יהודי,שרה טוויל,יסכה לב,ז,2,רגיל,29,1,29,100%,17,59%,11,38%
"770727- אולפנת בנ""ע טל רמות",ירושלים,ממלכתי דתי,העיר ירושלים,יהודי,שרה טוויל,יסכה לב,ז,1,רגיל,30,1,30,100%,9,30%,6,20%
771089- התיכון הניסויי,ירושלים,ממלכתי,העיר ירושלים,יהודי,דוד נמרוד-סימרוט,גיל שלה,ז,2,רגיל,26,1,26,100%,20,77%,20,77%
771089- התיכון הניסויי,ירושלים,ממלכתי,העיר ירושלים,יהודי,דוד נמרוד-סימרוט,גיל שלה,ז,1,רגיל,26,1,25,96%,19,73%,19,73%
771089- התיכון הניסויי,ירושלים,ממלכתי,העיר ירושלים,יהודי,דוד נמרוד-סימרוט,גיל שלה,ז,4,מיוחד,6,1,6,100%,4,67%,4,67%
111328- כרמי יהודה,גוש עציון,ממלכתי דתי,ירושלים,יהודי,יעקב מאיר קושלבסקי,אביתר חיים קלין,ז,1,מיוחד,12,0,0,0%,0,0%,0,0%
112151- מצפה יריחו,מטה בנימין,ממלכתי דתי,ירושלים,יהודי,יוסף יעקב שינובר,יוסף יהושע יחזק פלהימר,ז,1,רגיל,20,0,0,0%,0,0%,0,0%
112250- עשה חייל,אפרת,ממלכתי דתי,ירושלים,יהודי,יעקב מאיר קושלבסקי,תרזה שפרה פרנקל,ז,2,מיוחד,10,0,0,0%,0,0%,0,0%
"112953- אהבת ישראל (חרד""ל)",ירושלים,ממלכתי דתי,העיר ירושלים,יהודי,יואל דוב ורצברגר,גיא רפאלוב,ז,2,רגיל,22,0,0,0%,0,0%,0,0%
113324- בית-אל בנים,בית אל,ממלכתי דתי,ירושלים,יהודי,יוסף יעקב שינובר,ירון גיאת,ז,3,מיוחד,15,0,0,0%,0,0%,0,0%
113787- כוכב יעקב בנות,מטה בנימין,ממלכתי דתי,ירושלים,יהודי,יוסף יעקב שינובר,דן אפרים בירנבאום,ז,1,רגיל,15,0,0,0%,0,0%,0,0%
113787- כוכב יעקב בנות,מטה בנימין,ממלכתי דתי,ירושלים,יהודי,יוסף יעקב שינובר,דן אפרים בירנבאום,ז,2,מיוחד,8,0,0,0%,0,0%,0,0%
114173- אורות עציון בנים,אפרת,ממלכתי דתי,ירושלים,יהודי,יעקב מאיר קושלבסקי,משה גוטליב,ז,32,רגיל,28,0,0,0%,0,0%,0,0%
114173- אורות עציון בנים,אפרת,ממלכתי דתי,ירושלים,יהודי,יעקב מאיר קושלבסקי,משה גוטליב,ז,33,מיוחד,6,0,0,0%,0,0%,0,0%
114249- אורות עציון בנות,אפרת,ממלכתי דתי,ירושלים,יהודי,יעקב מאיר קושלבסקי,דבורה פרידמן,ז,3,מיוחד,6,0,0,0%,0,0%,0,0%
117002- אל-מוטראן,ירושלים,ממלכתי,העיר ירושלים,ערבי,נגוהה פרחאת,ריצ'רד זנאנירי,ז,1,רגיל,31,0,0,0%,0,0%,0,0%
117002- אל-מוטראן,ירושלים,ממלכתי,העיר ירושלים,ערבי,נגוהה פרחאת,ריצ'רד זנאנירי,ז,2,רגיל,29,0,0,0%,0,0%,0,0%
"117010- ביה""ס אל-פריר",ירושלים,ממלכתי,העיר ירושלים,ערבי,נגוהה פרחאת,דאוד כסאברי,ז,1,רגיל,34,0,0,0%,0,0%,0,0%
118042- אום טובא,ירושלים,ממלכתי,העיר ירושלים,ערבי,מחמד אזברגה,וליד אבו טיר,ז,1,רגיל,22,0,0,0%,0,0%,0,0%
118067- אחמד סאמח אלחלדי,ירושלים,ממלכתי,העיר ירושלים,ערבי,מחמד אזברגה,ווסים רישק,ז,17,מיוחד,14,0,0,0%,0,0%,0,0%
118125- טור מכין לבנים,ירושלים,ממלכתי,העיר ירושלים,ערבי,נור ח'טיב,כאלד ראשיד,ז,1,רגיל,22,0,0,0%,0,0%,0,0%
118125- טור מכין לבנים,ירושלים,ממלכתי,העיר ירושלים,ערבי,נור ח'טיב,כאלד ראשיד,ז,2,רגיל,21,0,0,0%,0,0%,0,0%
118158- איבן אל-היית'ם,ירושלים,ממלכתי,העיר ירושלים,ערבי,רנה ח'לף,אסאמה סביטאני,ז,11,מיוחד,8,0,0,0%,0,0%,0,0%
118158- איבן אל-היית'ם,ירושלים,ממלכתי,העיר ירושלים,ערבי,רנה ח'לף,אסאמה סביטאני,ז,17,מיוחד,15,0,0,0%,0,0%,0,0%
118281- שעפט לבנות א,ירושלים,ממלכתי,העיר ירושלים,ערבי,ח'לדון האדיה,סוזאן כטיב,ז,4,רגיל,29,0,0,0%,0,0%,0,0%
118307- עמריה,ירושלים,ממלכתי,העיר ירושלים,ערבי,ח'לדון האדיה,נפיסה סעידה,ז,3,מיוחד,13,0,0,0%,0,0%,0,0%
118364- איברהמיה,ירושלים,ממלכתי,העיר ירושלים,ערבי,נור ח'טיב,נהאד נאסר,ז,1,רגיל,35,0,0,0%,0,0%,0,0%
118364- איברהמיה,ירושלים,ממלכתי,העיר ירושלים,ערבי,נור ח'טיב,נהאד נאסר,ז,2,רגיל,34,0,0,0%,0,0%,0,0%
118364- איברהמיה,ירושלים,ממלכתי,העיר ירושלים,ערבי,נור ח'טיב,נהאד נאסר,ז,3,רגיל,37,0,0,0%,0,0%,0,0%
140012- אולפנא תורנית חורב,ירושלים,ממלכתי דתי,העיר ירושלים,יהודי,שרה טוויל,עודד עוזיאל מיזליש,ז,2,מיוחד,9,0,0,0%,0,0%,0,0%
140053- אקדמיה למוסיקה,ירושלים,ממלכתי,העיר ירושלים,יהודי,דוד נמרוד-סימרוט,אילנה אוריצקי,ז,2,רגיל,22,0,0,0%,0,0%,0,0%
140061- תכון ליד האוניברסיטה,ירושלים,ממלכתי,העיר ירושלים,יהודי,דוד נמרוד-סימרוט,ארז הקר,ז,1,רגיל,40,0,0,0%,0,0%,0,0%
140061- תכון ליד האוניברסיטה,ירושלים,ממלכתי,העיר ירושלים,יהודי,דוד נמרוד-סימרוט,ארז הקר,ז,2,רגיל,32,0,0,0%,0,0%,0,0%
140061- תכון ליד האוניברסיטה,ירושלים,ממלכתי,העיר ירושלים,יהודי,דוד נמרוד-סימרוט,ארז הקר,ז,3,רגיל,21,0,0,0%,0,0%,0,0%
140061- תכון ליד האוניברסיטה,ירושלים,ממלכתי,העיר ירושלים,יהודי,דוד נמרוד-סימרוט,ארז הקר,ז,4,רגיל,28,0,0,0%,0,0%,0,0%
140061- תכון ליד האוניברסיטה,ירושלים,ממלכתי,העיר ירושלים,יהודי,דוד נמרוד-סימרוט,ארז הקר,ז,5,רגיל,26,0,0,0%,0,0%,0,0%
140061- תכון ליד האוניברסיטה,ירושלים,ממלכתי,העיר ירושלים,יהודי,דוד נמרוד-סימרוט,ארז הקר,ז,6,רגיל,24,0,0,0%,0,0%,0,0%
140061- תכון ליד האוניברסיטה,ירושלים,ממלכתי,העיר ירושלים,יהודי,דוד נמרוד-סימרוט,ארז הקר,ז,8,מיוחד,5,0,0,0%,0,0%,0,0%
140079- הגמנסיה העברית,ירושלים,ממלכתי,העיר ירושלים,יהודי,דוד נמרוד-סימרוט,עופר טס,ז,6,מיוחד,12,0,0,0%,0,0%,0,0%
140087- רנה קסין דרכא,ירושלים,ממלכתי,העיר ירושלים,יהודי,דוד נמרוד-סימרוט,שגיא כהן,ז,3,מיוחד,11,0,0,0%,0,0%,0,0%
140129- קרית נוער ירושלים,ירושלים,ממלכתי דתי,העיר ירושלים,יהודי,אריה משה מארק,אביחי חרזי,ז,4,מיוחד,13,0,0,0%,0,0%,0,0%
140137- ישיבת נתיב מאיר,ירושלים,ממלכתי דתי,העיר ירושלים,יהודי,אריה משה מארק,משה מאיר וייס,ז,2,מיוחד,14,0,0,0%,0,0%,0,0%
140137- ישיבת נתיב מאיר,ירושלים,ממלכתי דתי,העיר ירושלים,יהודי,אריה משה מארק,משה מאיר וייס,ז,3,רגיל,19,0,0,0%,0,0%,0,0%
140145- ישיבת חורב,ירושלים,ממלכתי דתי,העיר ירושלים,יהודי,אריה משה מארק,יצחק דור,ז,3,מיוחד,5,0,0,0%,0,0%,0,0%
140202- עתיד שחר בית שמש,בית שמש,ממלכתי דתי,ירושלים,יהודי,תמר אודס,אלינור ביטון,ז,3,מיוחד,12,0,0,0%,0,0%,0,0%
140236- תורני נסויי בנות פלך,ירושלים,ממלכתי דתי,העיר ירושלים,יהודי,אריה משה מארק,יעל-סופי פפר,ז,2,מיוחד,5,0,0,0%,0,0%,0,0%
140665- אולפנא לבנות,קרית ארבע,ממלכתי דתי,ירושלים,יהודי,יעקב עמר,שילה דגנית הלוי,ז,4,מיוחד,11,0,0,0%,0,0%,0,0%
"140723- מקיף ע""ש זיו",ירושלים,ממלכתי,העיר ירושלים,יהודי,דוד נמרוד-סימרוט,אורן לאלו,ז,6,מיוחד,12,0,0,0%,0,0%,0,0%
140731- מקיף גילה,ירושלים,ממלכתי,העיר ירושלים,יהודי,דוד נמרוד-סימרוט,אייל רייכמן,ז,3,מיוחד,11,0,0,0%,0,0%,0,0%
140806- תיכון לאומנויות,ירושלים,ממלכתי,העיר ירושלים,יהודי,דוד נמרוד-סימרוט,תומר בליטי דגן,ז,3,רגיל,27,0,0,0%,0,0%,0,0%
"140855- חט""ב מבשרת",מבשרת ציון,ממלכתי,ירושלים,יהודי,ציפי יעקב,גליה שניידר,ז,9,מיוחד,10,0,0,0%,0,0%,0,0%
140863- עמל דקל וילנאי,מעלה אדומים,ממלכתי,ירושלים,יהודי,ציפי יעקב,דינה זייצב,ז,6,מיוחד,12,0,0,0%,0,0%,0,0%
140871- תיכון גבעת גונן,ירושלים,ממלכתי,העיר ירושלים,יהודי,דוד נמרוד-סימרוט,אוהד הופמן,ז,3,מיוחד,6,0,0,0%,0,0%,0,0%
"140889- חט""ב בנים קרית ארבע",קרית ארבע,ממלכתי דתי,ירושלים,יהודי,יעקב עמר,מנחם סעדיה,ז,3,מיוחד,12,0,0,0%,0,0%,0,0%
"140939- ישיבת בנ""ע מטה בנימין",מטה בנימין,ממלכתי דתי,ירושלים,יהודי,יעקב עמר,נסים ניצן ימין,ז,2,מיוחד,13,0,0,0%,0,0%,0,0%
"140939- ישיבת בנ""ע מטה בנימין",מטה בנימין,ממלכתי דתי,ירושלים,יהודי,יעקב עמר,נסים ניצן ימין,ז,3,רגיל,27,0,0,0%,0,0%,0,0%
"140939- ישיבת בנ""ע מטה בנימין",מטה בנימין,ממלכתי דתי,ירושלים,יהודי,יעקב עמר,נסים ניצן ימין,ז,5,מיוחד,6,0,0,0%,0,0%,0,0%
140970- אולפנא עופרה,מטה בנימין,ממלכתי דתי,ירושלים,יהודי,יעקב עמר,אביה זאב ששר,ז,3,מיוחד,7,0,0,0%,0,0%,0,0%
140970- אולפנא עופרה,מטה בנימין,ממלכתי דתי,ירושלים,יהודי,יעקב עמר,אביה זאב ששר,ז,6,מיוחד,6,0,0,0%,0,0%,0,0%
140970- אולפנא עופרה,מטה בנימין,ממלכתי דתי,ירושלים,יהודי,יעקב עמר,אביה זאב ששר,ז,7,מיוחד,5,0,0,0%,0,0%,0,0%
141010- חטב מכללת אורט גבעת רם ירושלים,ירושלים,ממלכתי,העיר ירושלים,יהודי,דוד נמרוד-סימרוט,מיכל דלאל,ז,3,מיוחד,10,0,0,0%,0,0%,0,0%
141176- אולפנת צביה מ. אדומים,מעלה אדומים,ממלכתי דתי,ירושלים,יהודי,יעקב עמר,שלמה נריה ירושלים,ז,3,מיוחד,10,0,0,0%,0,0%,0,0%
141390- מדרשיית עלמא אמונה,ירושלים,ממלכתי דתי,העיר ירושלים,יהודי,שרה טוויל,הדס גודמן,ז,1,רגיל,29,0,0,0%,0,0%,0,0%
141390- מדרשיית עלמא אמונה,ירושלים,ממלכתי דתי,העיר ירושלים,יהודי,שרה טוויל,הדס גודמן,ז,2,רגיל,30,0,0,0%,0,0%,0,0%
141499- אור תורה סטון לבנים,ירושלים,ממלכתי דתי,העיר ירושלים,יהודי,אריה משה מארק,יהונתן יפת,ז,3,מיוחד,5,0,0,0%,0,0%,0,0%
143404- אהל שילה בנים,מטה בנימין,ממלכתי דתי,ירושלים,יהודי,יוסף יעקב שינובר,רפאל ממן,ז,1,רגיל,30,0,0,0%,0,0%,0,0%
143404- אהל שילה בנים,מטה בנימין,ממלכתי דתי,ירושלים,יהודי,יוסף יעקב שינובר,רפאל ממן,ז,2,רגיל,28,0,0,0%,0,0%,0,0%
144097- המרכז הישראלי למצוינות בחינוך,ירושלים,ממלכתי,העיר ירושלים,יהודי,דוד נמרוד-סימרוט,נועה שפי,ז,1,רגיל,28,0,0,0%,0,0%,0,0%
144097- המרכז הישראלי למצוינות בחינוך,ירושלים,ממלכתי,העיר ירושלים,יהודי,דוד נמרוד-סימרוט,נועה שפי,ז,2,רגיל,28,0,0,0%,0,0%,0,0%
144329- תיכון מכבים רעות,מודיעין מכבים רעות,ממלכתי,ירושלים,יהודי,ציפי יעקב,רוני אהרון פולט,ז,7,מיוחד,7,0,0,0%,0,0%,0,0%
144428- ישיבת צביה מ.אדומים,מעלה אדומים,ממלכתי דתי,ירושלים,יהודי,יעקב עמר,יוסף מנחם פרנקל,ז,1,מיוחד,7,0,0,0%,0,0%,0,0%
144428- ישיבת צביה מ.אדומים,מעלה אדומים,ממלכתי דתי,ירושלים,יהודי,יעקב עמר,יוסף מנחם פרנקל,ז,2,רגיל,29,0,0,0%,0,0%,0,0%
144600- ישיבה שעלי תורה,בית שמש,ממלכתי דתי,ירושלים,יהודי,תמר אודס,תומר זאבי,ז,2,מיוחד,12,0,0,0%,0,0%,0,0%
144626- תבל גבעה צרפתית,ירושלים,ממלכתי,העיר ירושלים,יהודי,דוד נמרוד-סימרוט,נחמה נשי נפתלי,ז,1,רגיל,28,0,0,0%,0,0%,0,0%
144626- תבל גבעה צרפתית,ירושלים,ממלכתי,העיר ירושלים,יהודי,דוד נמרוד-סימרוט,נחמה נשי נפתלי,ז,2,מיוחד,4,0,0,0%,0,0%,0,0%
144683- עירוני א',מודיעין מכבים רעות,ממלכתי,ירושלים,יהודי,ציפי יעקב,דביר שלומי,ז,3,מיוחד,13,0,0,0%,0,0%,0,0%
144691- ישיבת נעם,ירושלים,ממלכתי דתי,העיר ירושלים,יהודי,אריה משה מארק,אבישי סגל,ז,4,מיוחד,7,0,0,0%,0,0%,0,0%
"144717- אולפנת בנ""ע אורות מודיעין",מודיעין מכבים רעות,ממלכתי דתי,ירושלים,יהודי,תמר אודס,סגלית נחום,ז,3,מיוחד,14,0,0,0%,0,0%,0,0%
"144758- ישיבת בנ""ע פסגת זאב",ירושלים,ממלכתי דתי,העיר ירושלים,יהודי,שרה טוויל,רענן-יוסף שרמן,ז,2,מיוחד,12,0,0,0%,0,0%,0,0%
"144766- ישיבת בנ""ע נר תמיד חשמונאים",מטה בנימין,ממלכתי דתי,ירושלים,יהודי,תמר אודס,איתמר ליברמן,ז,2,מיוחד,15,0,0,0%,0,0%,0,0%
148056- תיכון בית צפאפא,ירושלים,ממלכתי,העיר ירושלים,ערבי,נגוהה פרחאת,האשם בדר,ז,7,רגיל,28,0,0,0%,0,0%,0,0%
148056- תיכון בית צפאפא,ירושלים,ממלכתי,העיר ירושלים,ערבי,נגוהה פרחאת,האשם בדר,ז,8,רגיל,23,0,0,0%,0,0%,0,0%
148056- תיכון בית צפאפא,ירושלים,ממלכתי,העיר ירושלים,ערבי,נגוהה פרחאת,האשם בדר,ז,10,מיוחד,15,0,0,0%,0,0%,0,0%
148056- תיכון בית צפאפא,ירושלים,ממלכתי,העיר ירושלים,ערבי,נגוהה פרחאת,האשם בדר,ז,11,מיוחד,8,0,0,0%,0,0%,0,0%
148080- מקיף אבו גוש,אבו גוש,ממלכתי,ירושלים,ערבי,ציפי יעקב,ווגיהה איברהים,ז,5,מיוחד,6,0,0,0%,0,0%,0,0%
148189- טרה סנטה גבשה בנים,ירושלים,ממלכתי,העיר ירושלים,ערבי,נגוהה פרחאת,איברהים פלתס,ז,1,רגיל,20,0,0,0%,0,0%,0,0%
148189- טרה סנטה גבשה בנים,ירושלים,ממלכתי,העיר ירושלים,ערבי,נגוהה פרחאת,איברהים פלתס,ז,2,רגיל,22,0,0,0%,0,0%,0,0%
148197- מקיף בית חנינה,ירושלים,ממלכתי,העיר ירושלים,ערבי,ענאן קאסם,מגדי עוויסאת,ז,17,מיוחד,14,0,0,0%,0,0%,0,0%
148247- מקיף שש שנתי אלטור לבנים,ירושלים,ממלכתי,העיר ירושלים,ערבי,ענאן קאסם,מוחמד דעיס,ז,3,רגיל,28,0,0,0%,0,0%,0,0%
148247- מקיף שש שנתי אלטור לבנים,ירושלים,ממלכתי,העיר ירושלים,ערבי,ענאן קאסם,מוחמד דעיס,ז,5,רגיל,30,0,0,0%,0,0%,0,0%
148247- מקיף שש שנתי אלטור לבנים,ירושלים,ממלכתי,העיר ירושלים,ערבי,ענאן קאסם,מוחמד דעיס,ז,17,מיוחד,13,0,0,0%,0,0%,0,0%
148254- שועפט בנות ב',ירושלים,ממלכתי,העיר ירושלים,ערבי,ח'לדון האדיה,מיסון חלאק,ז,1,רגיל,33,0,0,0%,0,0%,0,0%
148254- שועפט בנות ב',ירושלים,ממלכתי,העיר ירושלים,ערבי,ח'לדון האדיה,מיסון חלאק,ז,3,רגיל,31,0,0,0%,0,0%,0,0%
148254- שועפט בנות ב',ירושלים,ממלכתי,העיר ירושלים,ערבי,ח'לדון האדיה,מיסון חלאק,ז,4,מיוחד,15,0,0,0%,0,0%,0,0%
160242- מקיף קשת,ירושלים,ממלכתי,העיר ירושלים,יהודי,דוד נמרוד-סימרוט,אורית צילה סומר,ז,3,מיוחד,4,0,0,0%,0,0%,0,0%
160259- ליבי,ירושלים,ממלכתי דתי,העיר ירושלים,יהודי,שרה טוויל,ענבל ישראלי,ז,3,מיוחד,12,0,0,0%,0,0%,0,0%
160416- רעות קהילה דתית,ירושלים,ממלכתי,העיר ירושלים,יהודי,דוד נמרוד-סימרוט,עמיעד יעקב מלצר,ז,2,מיוחד,9,0,0,0%,0,0%,0,0%
160432- ברנקו וייס מקיף בית שמש,בית שמש,ממלכתי,ירושלים,יהודי,ציפי יעקב,שמעון ויס,ז,2,מיוחד,6,0,0,0%,0,0%,0,0%
160432- ברנקו וייס מקיף בית שמש,בית שמש,ממלכתי,ירושלים,יהודי,ציפי יעקב,שמעון ויס,ז,3,מיוחד,5,0,0,0%,0,0%,0,0%
"160549- אמי""ת איתן",מעלה אדומים,ממלכתי דתי,ירושלים,יהודי,יעקב עמר,שלמה אליהו דהן,ז,2,מיוחד,12,0,0,0%,0,0%,0,0%
160598- ארץ הצבי,ירושלים,ממלכתי דתי,העיר ירושלים,יהודי,שרה טוויל,יוסף איזמן,ז,2,מיוחד,8,0,0,0%,0,0%,0,0%
160739- מנזר רוזרי,ירושלים,ממלכתי,העיר ירושלים,ערבי,ענאן קאסם,הודה קיקיה,ז,1,רגיל,40,0,0,0%,0,0%,0,0%
160739- מנזר רוזרי,ירושלים,ממלכתי,העיר ירושלים,ערבי,ענאן קאסם,הודה קיקיה,ז,2,רגיל,40,0,0,0%,0,0%,0,0%
160739- מנזר רוזרי,ירושלים,ממלכתי,העיר ירושלים,ערבי,ענאן קאסם,הודה קיקיה,ז,3,רגיל,40,0,0,0%,0,0%,0,0%
"165852- ישיבת בנ""ע לפיד מודיעין",מודיעין מכבים רעות,ממלכתי דתי,ירושלים,יהודי,תמר אודס,שמואל חיים רוזנבלום,ז,1,רגיל,34,0,0,0%,0,0%,0,0%
"165852- ישיבת בנ""ע לפיד מודיעין",מודיעין מכבים רעות,ממלכתי דתי,ירושלים,יהודי,תמר אודס,שמואל חיים רוזנבלום,ז,6,מיוחד,9,0,0,0%,0,0%,0,0%
168021- צור באהר בנות,ירושלים,ממלכתי,העיר ירושלים,ערבי,מחמד אזברגה,הנאדי יעיש,ז,1,רגיל,20,0,0,0%,0,0%,0,0%
168021- צור באהר בנות,ירושלים,ממלכתי,העיר ירושלים,ערבי,מחמד אזברגה,הנאדי יעיש,ז,2,רגיל,20,0,0,0%,0,0%,0,0%
168419- אולפנת צביה יצירתית,ירושלים,ממלכתי דתי,העיר ירושלים,יהודי,אריה משה מארק,צפורה כהן,ז,3,מיוחד,10,0,0,0%,0,0%,0,0%
170043- תיכון שחרית,ירושלים,ממלכתי דתי,העיר ירושלים,יהודי,אריה משה מארק,רני חזון וייס,ז,2,מיוחד,8,0,0,0%,0,0%,0,0%
170803- עמל תעופה וחלל,מעלה אדומים,ממלכתי,ירושלים,יהודי,ציפי יעקב,יהודית אילוק,ז,7,מיוחד,11,0,0,0%,0,0%,0,0%
178178- סאחורה מכין בנות,ירושלים,ממלכתי,העיר ירושלים,ערבי,רנה ח'לף,אמאל אשקיראת,ז,17,מיוחד,15,0,0,0%,0,0%,0,0%
178194- על יסודי אלחית כפר עקב,ירושלים,ממלכתי,העיר ירושלים,ערבי,נגוהה פרחאת,עיסא נאסר,ז,1,רגיל,42,0,0,0%,0,0%,0,0%
178194- על יסודי אלחית כפר עקב,ירושלים,ממלכתי,העיר ירושלים,ערבי,נגוהה פרחאת,עיסא נאסר,ז,2,רגיל,41,0,0,0%,0,0%,0,0%
184010- פריר בית חנינא,ירושלים,ממלכתי,העיר ירושלים,ערבי,ענאן קאסם,גורג נבר,ז,2,רגיל,38,0,0,0%,0,0%,0,0%
184010- פריר בית חנינא,ירושלים,ממלכתי,העיר ירושלים,ערבי,ענאן קאסם,גורג נבר,ז,3,רגיל,35,0,0,0%,0,0%,0,0%
184010- פריר בית חנינא,ירושלים,ממלכתי,העיר ירושלים,ערבי,ענאן קאסם,גורג נבר,ז,4,רגיל,33,0,0,0%,0,0%,0,0%
186395- ראשית,גוש עציון,ממלכתי דתי,ירושלים,יהודי,יעקב מאיר קושלבסקי,שרה אבישי,ז,1,רגיל,28,0,0,0%,0,0%,0,0%
186395- ראשית,גוש עציון,ממלכתי דתי,ירושלים,יהודי,יעקב מאיר קושלבסקי,שרה אבישי,ז,2,רגיל,4,0,0,0%,0,0%,0,0%
186908- אולפנא בני עקיבא נריה,מטה בנימין,ממלכתי דתי,ירושלים,יהודי,תמר אודס,יניב כהן,ז,2,מיוחד,8,0,0,0%,0,0%,0,0%
186908- אולפנא בני עקיבא נריה,מטה בנימין,ממלכתי דתי,ירושלים,יהודי,תמר אודס,יניב כהן,ז,6,מיוחד,4,0,0,0%,0,0%,0,0%
187575- ביס שמידט קולג' בנות,ירושלים,ממלכתי,העיר ירושלים,ערבי,נגוהה פרחאת,דיתריש בוימר,ז,1,רגיל,10,0,0,0%,0,0%,0,0%
187575- ביס שמידט קולג' בנות,ירושלים,ממלכתי,העיר ירושלים,ערבי,נגוהה פרחאת,דיתריש בוימר,ז,2,רגיל,26,0,0,0%,0,0%,0,0%
193185- אולפנת שעלי תורה,בית שמש,ממלכתי דתי,ירושלים,יהודי,תמר אודס,אלעד בן אליהו,ז,4,מיוחד,10,0,0,0%,0,0%,0,0%
"198085- חט""ב ראס אל-עמוד",ירושלים,ממלכתי,העיר ירושלים,ערבי,רנה ח'לף,סאלח סאלח,ז,2,רגיל,27,0,0,0%,0,0%,0,0%
"198085- חט""ב ראס אל-עמוד",ירושלים,ממלכתי,העיר ירושלים,ערבי,רנה ח'לף,סאלח סאלח,ז,3,רגיל,23,0,0,0%,0,0%,0,0%
"198085- חט""ב ראס אל-עמוד",ירושלים,ממלכתי,העיר ירושלים,ערבי,רנה ח'לף,סאלח סאלח,ז,4,רגיל,25,0,0,0%,0,0%,0,0%
"198085- חט""ב ראס אל-עמוד",ירושלים,ממלכתי,העיר ירושלים,ערבי,רנה ח'לף,סאלח סאלח,ז,5,רגיל,20,0,0,0%,0,0%,0,0%
"198085- חט""ב ראס אל-עמוד",ירושלים,ממלכתי,העיר ירושלים,ערבי,רנה ח'לף,סאלח סאלח,ז,17,מיוחד,14,0,0,0%,0,0%,0,0%
198192- תיכון צור באהר,ירושלים,ממלכתי,העיר ירושלים,ערבי,רנה ח'לף,היתאם סלאמה,ז,5,מיוחד,12,0,0,0%,0,0%,0,0%
198192- תיכון צור באהר,ירושלים,ממלכתי,העיר ירושלים,ערבי,רנה ח'לף,היתאם סלאמה,ז,6,מיוחד,14,0,0,0%,0,0%,0,0%
238121- אולפנת נוגה,מטה יהודה,ממלכתי דתי,ירושלים,יהודי,תמר אודס,מרים לאה קורן,ז,1,רגיל,31,0,0,0%,0,0%,0,0%
238121- אולפנת נוגה,מטה יהודה,ממלכתי דתי,ירושלים,יהודי,תמר אודס,מרים לאה קורן,ז,4,רגיל,27,0,0,0%,0,0%,0,0%
238121- אולפנת נוגה,מטה יהודה,ממלכתי דתי,ירושלים,יהודי,תמר אודס,מרים לאה קורן,ז,5,מיוחד,13,0,0,0%,0,0%,0,0%
238493- יסודי אלאימאן לבנים,ירושלים,ממלכתי,העיר ירושלים,ערבי,מחמד אזברגה,השאם בצבוצ,ז,1,רגיל,20,0,0,0%,0,0%,0,0%
238501- יסודי אלאימאן בנות,ירושלים,ממלכתי,העיר ירושלים,ערבי,מחמד אזברגה,מדלין חמורי,ז,1,רגיל,29,0,0,0%,0,0%,0,0%
238501- יסודי אלאימאן בנות,ירושלים,ממלכתי,העיר ירושלים,ערבי,מחמד אזברגה,מדלין חמורי,ז,2,רגיל,29,0,0,0%,0,0%,0,0%
239905- ג'רוזלם סקול יסודי,ירושלים,ממלכתי,העיר ירושלים,ערבי,ענאן קאסם,מג'ד רביע,ז,1,רגיל,32,0,0,0%,0,0%,0,0%
239905- ג'רוזלם סקול יסודי,ירושלים,ממלכתי,העיר ירושלים,ערבי,ענאן קאסם,מג'ד רביע,ז,2,רגיל,32,0,0,0%,0,0%,0,0%
247411- תיכון סנט טרקמנצ'ץ,ירושלים,ממלכתי,העיר ירושלים,ערבי,נגוהה פרחאת,נארק אברהמיאן,ז,1,רגיל,8,0,0,0%,0,0%,0,0%
267930- אלמוסתקבל אלאהלייה,ירושלים,ממלכתי,העיר ירושלים,ערבי,ענאן קאסם,ענאיה אבו סנינה,ז,1,רגיל,29,0,0,0%,0,0%,0,0%
"267955- ביה""ס אמליסון",ירושלים,ממלכתי,העיר ירושלים,ערבי,מחמד אזברגה,וסים עלי,ז,1,רגיל,22,0,0,0%,0,0%,0,0%
338343- יסודי דאר אלאולאד,ירושלים,ממלכתי,העיר ירושלים,ערבי,נור ח'טיב,אוסאמה מושעשע,ז,1,רגיל,22,0,0,0%,0,0%,0,0%
338418- עתיד דביר בנים,בית שמש,ממלכתי דתי,ירושלים,יהודי,תמר אודס,אברהם שושן,ז,4,מיוחד,5,0,0,0%,0,0%,0,0%
338434- ברידג' אינטרנשיונל,ירושלים,ממלכתי,העיר ירושלים,ערבי,ענאן קאסם,שירין שחאדה,ז,1,רגיל,16,0,0,0%,0,0%,0,0%
338483- אבו חאמד אלגזאלי,ירושלים,ממלכתי,העיר ירושלים,ערבי,מחמד אזברגה,שירין אבראהים,ז,1,רגיל,26,0,0,0%,0,0%,0,0%
338483- אבו חאמד אלגזאלי,ירושלים,ממלכתי,העיר ירושלים,ערבי,מחמד אזברגה,שירין אבראהים,ז,11,מיוחד,5,0,0,0%,0,0%,0,0%
338533- שדא אלוורד,ירושלים,ממלכתי,העיר ירושלים,ערבי,מחמד אזברגה,סרין סאפי,ז,1,רגיל,16,0,0,0%,0,0%,0,0%
343970- על יסודי מאר מטרי,ירושלים,ממלכתי,העיר ירושלים,ערבי,נגוהה פרחאת,ארגס עאסי,ז,1,רגיל,14,0,0,0%,0,0%,0,0%
344911- אורט עירוני ד,מודיעין מכבים רעות,ממלכתי,ירושלים,יהודי,ציפי יעקב,צופית חדד,ז,2,מיוחד,9,0,0,0%,0,0%,0,0%
412676- דאר אל חכמה,ירושלים,ממלכתי,העיר ירושלים,ערבי,ענאן קאסם,אברהים דוויק,ז,1,רגיל,19,0,0,0%,0,0%,0,0%
412676- דאר אל חכמה,ירושלים,ממלכתי,העיר ירושלים,ערבי,ענאן קאסם,אברהים דוויק,ז,2,רגיל,18,0,0,0%,0,0%,0,0%
412676- דאר אל חכמה,ירושלים,ממלכתי,העיר ירושלים,ערבי,ענאן קאסם,אברהים דוויק,ז,3,רגיל,18,0,0,0%,0,0%,0,0%
420018- על יסודי צור הדסה,צור הדסה,ממלכתי,ירושלים,יהודי,ציפי יעקב,דביר קפלן,ז,2,רגיל,27,0,0,0%,0,0%,0,0%
420018- על יסודי צור הדסה,צור הדסה,ממלכתי,ירושלים,יהודי,ציפי יעקב,דביר קפלן,ז,3,מיוחד,8,0,0,0%,0,0%,0,0%
420018- על יסודי צור הדסה,צור הדסה,ממלכתי,ירושלים,יהודי,ציפי יעקב,דביר קפלן,ז,4,רגיל,31,0,0,0%,0,0%,0,0%
430074- מקור התקווה,ירושלים,ממלכתי,העיר ירושלים,יהודי,שמחה שגית קליימן,יואל רוסו,ז,1,רגיל,9,0,0,0%,0,0%,0,0%
430355- בית ספר יסודי אלפגר אלגדיד,ירושלים,ממלכתי,העיר ירושלים,ערבי,ח'לדון האדיה,זינב הנדי,ז,1,רגיל,27,0,0,0%,0,0%,0,0%
430355- בית ספר יסודי אלפגר אלגדיד,ירושלים,ממלכתי,העיר ירושלים,ערבי,ח'לדון האדיה,זינב הנדי,ז,2,רגיל,28,0,0,0%,0,0%,0,0%
430363- גיל אלמוסתקבל,ירושלים,ממלכתי,העיר ירושלים,ערבי,ח'לדון האדיה,ליאלי גומעה,ז,1,רגיל,21,0,0,0%,0,0%,0,0%
430363- גיל אלמוסתקבל,ירושלים,ממלכתי,העיר ירושלים,ערבי,ח'לדון האדיה,ליאלי גומעה,ז,2,רגיל,14,0,0,0%,0,0%,0,0%
430439- בית ספר רואא,ירושלים,ממלכתי,העיר ירושלים,ערבי,מחמד אזברגה,מנאר עאבדין,ז,1,רגיל,21,0,0,0%,0,0%,0,0%
430439- בית ספר רואא,ירושלים,ממלכתי,העיר ירושלים,ערבי,מחמד אזברגה,מנאר עאבדין,ז,2,רגיל,21,0,0,0%,0,0%,0,0%
440412- תיכון מקיף אלראזי,ירושלים,ממלכתי,העיר ירושלים,ערבי,ענאן קאסם,אלאא אלעדרה,ז,1,רגיל,45,0,0,0%,0,0%,0,0%
440412- תיכון מקיף אלראזי,ירושלים,ממלכתי,העיר ירושלים,ערבי,ענאן קאסם,אלאא אלעדרה,ז,2,רגיל,39,0,0,0%,0,0%,0,0%
440412- תיכון מקיף אלראזי,ירושלים,ממלכתי,העיר ירושלים,ערבי,ענאן קאסם,אלאא אלעדרה,ז,3,רגיל,9,0,0,0%,0,0%,0,0%
440685- בית שכונת זגיר,ירושלים,ממלכתי,העיר ירושלים,ערבי,ח'לדון האדיה,רבא ארנאוט,ז,1,רגיל,36,0,0,0%,0,0%,0,0%
440685- בית שכונת זגיר,ירושלים,ממלכתי,העיר ירושלים,ערבי,ח'לדון האדיה,רבא ארנאוט,ז,2,רגיל,34,0,0,0%,0,0%,0,0%
440693- אלראזי,ירושלים,ממלכתי,העיר ירושלים,ערבי,ענאן קאסם,באסם דוויק,ז,1,רגיל,33,0,0,0%,0,0%,0,0%
440693- אלראזי,ירושלים,ממלכתי,העיר ירושלים,ערבי,ענאן קאסם,באסם דוויק,ז,2,רגיל,35,0,0,0%,0,0%,0,0%
"440784- ראס אלעמוד ע""ס לבנות",ירושלים,ממלכתי,העיר ירושלים,ערבי,רנה ח'לף,אריג' ארנאוט,ז,2,מיוחד,12,0,0,0%,0,0%,0,0%
"442780- אמי""ת בנות מודיעין",מודיעין מכבים רעות,ממלכתי דתי,ירושלים,יהודי,תמר אודס,ליאת כהן וגשל,ז,5,מיוחד,10,0,0,0%,0,0%,0,0%
"442780- אמי""ת בנות מודיעין",מודיעין מכבים רעות,ממלכתי דתי,ירושלים,יהודי,תמר אודס,ליאת כהן וגשל,ז,6,מיוחד,5,0,0,0%,0,0%,0,0%
442822- ברנקו וייס עין נקובה,מטה יהודה,ממלכתי,ירושלים,ערבי,ציפי יעקב,איהאב אלזיאדנה,ז,4,מיוחד,6,0,0,0%,0,0%,0,0%
477901- מקיף בית חנינה לבנות,ירושלים,ממלכתי,העיר ירושלים,ערבי,ענאן קאסם,ליאנא האשם,ז,3,רגיל,35,0,0,0%,0,0%,0,0%
477901- מקיף בית חנינה לבנות,ירושלים,ממלכתי,העיר ירושלים,ערבי,ענאן קאסם,ליאנא האשם,ז,4,רגיל,26,0,0,0%,0,0%,0,0%
477901- מקיף בית חנינה לבנות,ירושלים,ממלכתי,העיר ירושלים,ערבי,ענאן קאסם,ליאנא האשם,ז,5,רגיל,26,0,0,0%,0,0%,0,0%
477901- מקיף בית חנינה לבנות,ירושלים,ממלכתי,העיר ירושלים,ערבי,ענאן קאסם,ליאנא האשם,ז,6,מיוחד,9,0,0,0%,0,0%,0,0%
478909- בית ספר יסודי נור אל,ירושלים,ממלכתי,העיר ירושלים,ערבי,מחמד אזברגה,נדאא אבו כף,ז,1,רגיל,20,0,0,0%,0,0%,0,0%
"499897- בי""ס אשרקאת אלג'ד",ירושלים,ממלכתי,העיר ירושלים,ערבי,ענאן קאסם,מאגדה אבראהים חדר,ז,1,רגיל,36,0,0,0%,0,0%,0,0%
511550- אום טובה לבנות,ירושלים,ממלכתי,העיר ירושלים,ערבי,מחמד אזברגה,מחמד אבו טיר,ז,3,רגיל,31,0,0,0%,0,0%,0,0%
511618- נווה הראל,גוש עציון,ממלכתי דתי,ירושלים,יהודי,יעקב מאיר קושלבסקי,צפורה זקש,ז,41,רגיל,23,0,0,0%,0,0%,0,0%
511618- נווה הראל,גוש עציון,ממלכתי דתי,ירושלים,יהודי,יעקב מאיר קושלבסקי,צפורה זקש,ז,42,רגיל,23,0,0,0%,0,0%,0,0%
"511808- בי""ס יסודי מדל איסט",ירושלים,ממלכתי,העיר ירושלים,ערבי,ח'לדון האדיה,ולאא אמבייד,ז,1,רגיל,19,0,0,0%,0,0%,0,0%
"511808- בי""ס יסודי מדל איסט",ירושלים,ממלכתי,העיר ירושלים,ערבי,ח'לדון האדיה,ולאא אמבייד,ז,2,רגיל,11,0,0,0%,0,0%,0,0%
512343- יסודי אלמסתקבל שועפט,ירושלים,ממלכתי,העיר ירושלים,ערבי,ענאן קאסם,נג'את עמורה,ז,1,רגיל,31,0,0,0%,0,0%,0,0%
512459- הניסויי כפר אדומים,מטה בנימין,ממלכתי דתי,ירושלים,יהודי,יוסף יעקב שינובר,נועם שכטר,ז,5,מיוחד,11,0,0,0%,0,0%,0,0%
522441- אלפקיה,ירושלים,ממלכתי,העיר ירושלים,ערבי,ענאן קאסם,רובא מומני,ז,1,רגיל,28,0,0,0%,0,0%,0,0%
522441- אלפקיה,ירושלים,ממלכתי,העיר ירושלים,ערבי,ענאן קאסם,רובא מומני,ז,2,רגיל,38,0,0,0%,0,0%,0,0%
"540500- ע""ש יצחק נבון מודיעין",מודיעין מכבים רעות,ממלכתי,ירושלים,יהודי,ציפי יעקב,ענבל לוי,ז,1,רגיל,37,0,0,0%,0,0%,0,0%
"540500- ע""ש יצחק נבון מודיעין",מודיעין מכבים רעות,ממלכתי,ירושלים,יהודי,ציפי יעקב,ענבל לוי,ז,2,רגיל,33,0,0,0%,0,0%,0,0%
"540500- ע""ש יצחק נבון מודיעין",מודיעין מכבים רעות,ממלכתי,ירושלים,יהודי,ציפי יעקב,ענבל לוי,ז,3,מיוחד,12,0,0,0%,0,0%,0,0%
"615955- אח""י תקוע 2",גוש עציון,ממלכתי דתי,ירושלים,יהודי,יעקב מאיר קושלבסקי,יהונתן אהוביה רוזנק,ז,1,רגיל,23,0,0,0%,0,0%,0,0%
"615955- אח""י תקוע 2",גוש עציון,ממלכתי דתי,ירושלים,יהודי,יעקב מאיר קושלבסקי,יהונתן אהוביה רוזנק,ז,2,רגיל,23,0,0,0%,0,0%,0,0%
"615955- אח""י תקוע 2",גוש עציון,ממלכתי דתי,ירושלים,יהודי,יעקב מאיר קושלבסקי,יהונתן אהוביה רוזנק,ז,3,רגיל,25,0,0,0%,0,0%,0,0%
"615955- אח""י תקוע 2",גוש עציון,ממלכתי דתי,ירושלים,יהודי,יעקב מאיר קושלבסקי,יהונתן אהוביה רוזנק,ז,4,רגיל,25,0,0,0%,0,0%,0,0%
"615955- אח""י תקוע 2",גוש עציון,ממלכתי דתי,ירושלים,יהודי,יעקב מאיר קושלבסקי,יהונתן אהוביה רוזנק,ז,5,מיוחד,6,0,0,0%,0,0%,0,0%
"615955- אח""י תקוע 2",גוש עציון,ממלכתי דתי,ירושלים,יהודי,יעקב מאיר קושלבסקי,יהונתן אהוביה רוזנק,ז,6,מיוחד,4,0,0,0%,0,0%,0,0%
"615971- חב""ד בנות",בית שמש,ממלכתי דתי,ירושלים,יהודי,מרים ויצמן,חנה אריה,ז,1,רגיל,26,0,0,0%,0,0%,0,0%
"615971- חב""ד בנות",בית שמש,ממלכתי דתי,ירושלים,יהודי,מרים ויצמן,חנה אריה,ז,2,מיוחד,6,0,0,0%,0,0%,0,0%
641407- אלמתנבי,ירושלים,ממלכתי,העיר ירושלים,ערבי,ענאן קאסם,עאסם חסונה,ז,2,רגיל,30,0,0,0%,0,0%,0,0%
641522- על יסודי אדם,ירושלים,ממלכתי,העיר ירושלים,יהודי,דוד נמרוד-סימרוט,הילה מור,ז,2,רגיל,25,0,0,0%,0,0%,0,0%
641522- על יסודי אדם,ירושלים,ממלכתי,העיר ירושלים,יהודי,דוד נמרוד-סימרוט,הילה מור,ז,3,מיוחד,6,0,0,0%,0,0%,0,0%
641563- תיכון דרך,ירושלים,ממלכתי,העיר ירושלים,יהודי,דוד נמרוד-סימרוט,יפעת נדב,ז,3,מיוחד,9,0,0,0%,0,0%,0,0%
645986- בית הספר האמריקאי יר,ירושלים,ממלכתי,העיר ירושלים,ערבי,ענאן קאסם,אליזבט רייצ'ל אלבום,ז,1,רגיל,14,0,0,0%,0,0%,0,0%
674564- ב''ס עהדונא,ירושלים,ממלכתי,העיר ירושלים,ערבי,ח'לדון האדיה,פרידה זגייר,ז,1,רגיל,58,0,0,0%,0,0%,0,0%
676619- רוואד הטכנולוגי,ירושלים,ממלכתי,העיר ירושלים,ערבי,נגוהה פרחאת,מונה נאבולסי,ז,1,רגיל,31,0,0,0%,0,0%,0,0%
676619- רוואד הטכנולוגי,ירושלים,ממלכתי,העיר ירושלים,ערבי,נגוהה פרחאת,מונה נאבולסי,ז,2,רגיל,25,0,0,0%,0,0%,0,0%
676619- רוואד הטכנולוגי,ירושלים,ממלכתי,העיר ירושלים,ערבי,נגוהה פרחאת,מונה נאבולסי,ז,3,רגיל,2,0,0,0%,0,0%,0,0%
676619- רוואד הטכנולוגי,ירושלים,ממלכתי,העיר ירושלים,ערבי,נגוהה פרחאת,מונה נאבולסי,ז,4,רגיל,31,0,0,0%,0,0%,0,0%
676619- רוואד הטכנולוגי,ירושלים,ממלכתי,העיר ירושלים,ערבי,נגוהה פרחאת,מונה נאבולסי,ז,5,רגיל,26,0,0,0%,0,0%,0,0%
"678433- ב""ס אלחסאד",ירושלים,ממלכתי,העיר ירושלים,ערבי,נגוהה פרחאת,אשרף מגאהד,ז,1,רגיל,34,0,0,0%,0,0%,0,0%
"678433- ב""ס אלחסאד",ירושלים,ממלכתי,העיר ירושלים,ערבי,נגוהה פרחאת,אשרף מגאהד,ז,2,רגיל,34,0,0,0%,0,0%,0,0%
"678433- ב""ס אלחסאד",ירושלים,ממלכתי,העיר ירושלים,ערבי,נגוהה פרחאת,אשרף מגאהד,ז,3,רגיל,36,0,0,0%,0,0%,0,0%
682351- מסע,ירושלים,ממלכתי דתי,העיר ירושלים,יהודי,שרה טוויל,-,ז,1,רגיל,29,0,0,0%,0,0%,0,0%
682351- מסע,ירושלים,ממלכתי דתי,העיר ירושלים,יהודי,שרה טוויל,-,ז,2,רגיל,28,0,0,0%,0,0%,0,0%
718924- זו אלנוריין,ירושלים,ממלכתי,העיר ירושלים,ערבי,ענאן קאסם,עבדלנאצר סלים,ז,1,רגיל,28,0,0,0%,0,0%,0,0%
722298- בית ספר יחיאל,מטה יהודה,ממלכתי,ירושלים,יהודי,ליאת אלהרר כהן,יוסף סופר,ז,1,רגיל,19,0,0,0%,0,0%,0,0%
725309- בית ספר אלעמליה אלנמ,ירושלים,ממלכתי,העיר ירושלים,ערבי,ענאן קאסם,מנאל גולאני,ז,1,רגיל,38,0,0,0%,0,0%,0,0%
725309- בית ספר אלעמליה אלנמ,ירושלים,ממלכתי,העיר ירושלים,ערבי,ענאן קאסם,מנאל גולאני,ז,2,רגיל,40,0,0,0%,0,0%,0,0%
729145- בית ספר דאר אלהודה אלנמודג'יה,ירושלים,ממלכתי,העיר ירושלים,ערבי,ענאן קאסם,חמזה קיסי,ז,1,רגיל,29,0,0,0%,0,0%,0,0%
729145- בית ספר דאר אלהודה אלנמודג'יה,ירושלים,ממלכתי,העיר ירושלים,ערבי,ענאן קאסם,חמזה קיסי,ז,2,רגיל,35,0,0,0%,0,0%,0,0%
746313- בית ספר עהדונא,ירושלים,ממלכתי,העיר ירושלים,ערבי,נור ח'טיב,-,ז,1,רגיל,22,0,0,0%,0,0%,0,0%
746529- בית ספר יסודי אלפארו,ירושלים,ממלכתי,העיר ירושלים,ערבי,ח'לדון האדיה,גאדה בשיתי,ז,1,רגיל,26,0,0,0%,0,0%,0,0%
746529- בית ספר יסודי אלפארו,ירושלים,ממלכתי,העיר ירושלים,ערבי,ח'לדון האדיה,גאדה בשיתי,ז,2,רגיל,19,0,0,0%,0,0%,0,0%
"746735- בי""ס אלמטאר",ירושלים,ממלכתי,העיר ירושלים,ערבי,נגוהה פרחאת,גמאל ג'בארין,ז,1,רגיל,33,0,0,0%,0,0%,0,0%
"746735- בי""ס אלמטאר",ירושלים,ממלכתי,העיר ירושלים,ערבי,נגוהה פרחאת,גמאל ג'בארין,ז,2,רגיל,27,0,0,0%,0,0%,0,0%
"746735- בי""ס אלמטאר",ירושלים,ממלכתי,העיר ירושלים,ערבי,נגוהה פרחאת,גמאל ג'בארין,ז,3,רגיל,32,0,0,0%,0,0%,0,0%
"747345- בי""ס אלמוסתקבל",ירושלים,ממלכתי,העיר ירושלים,ערבי,ח'לדון האדיה,מלכה אבו עומר,ז,1,רגיל,32,0,0,0%,0,0%,0,0%
747360- בית ספר יסודי אלסלאם,ירושלים,ממלכתי,העיר ירושלים,ערבי,ח'לדון האדיה,סלאח יונס,ז,1,רגיל,21,0,0,0%,0,0%,0,0%
747360- בית ספר יסודי אלסלאם,ירושלים,ממלכתי,העיר ירושלים,ערבי,ח'לדון האדיה,סלאח יונס,ז,2,רגיל,37,0,0,0%,0,0%,0,0%
747402- דאוחת אלאבדאע,ירושלים,ממלכתי,העיר ירושלים,ערבי,נגוהה פרחאת,מואייד אלעוקבי,ז,1,רגיל,33,0,0,0%,0,0%,0,0%
747402- דאוחת אלאבדאע,ירושלים,ממלכתי,העיר ירושלים,ערבי,נגוהה פרחאת,מואייד אלעוקבי,ז,2,רגיל,35,0,0,0%,0,0%,0,0%
747402- דאוחת אלאבדאע,ירושלים,ממלכתי,העיר ירושלים,ערבי,נגוהה פרחאת,מואייד אלעוקבי,ז,3,רגיל,33,0,0,0%,0,0%,0,0%
747402- דאוחת אלאבדאע,ירושלים,ממלכתי,העיר ירושלים,ערבי,נגוהה פרחאת,מואייד אלעוקבי,ז,4,רגיל,38,0,0,0%,0,0%,0,0%
747402- דאוחת אלאבדאע,ירושלים,ממלכתי,העיר ירושלים,ערבי,נגוהה פרחאת,מואייד אלעוקבי,ז,5,רגיל,33,0,0,0%,0,0%,0,0%
747402- דאוחת אלאבדאע,ירושלים,ממלכתי,העיר ירושלים,ערבי,נגוהה פרחאת,מואייד אלעוקבי,ז,6,רגיל,34,0,0,0%,0,0%,0,0%
754721- דאר אל חכמה,ירושלים,ממלכתי,העיר ירושלים,ערבי,ענאן קאסם,רים תמימי,ז,1,רגיל,22,0,0,0%,0,0%,0,0%
754721- דאר אל חכמה,ירושלים,ממלכתי,העיר ירושלים,ערבי,ענאן קאסם,רים תמימי,ז,2,רגיל,18,0,0,0%,0,0%,0,0%
754721- דאר אל חכמה,ירושלים,ממלכתי,העיר ירושלים,ערבי,ענאן קאסם,רים תמימי,ז,3,רגיל,22,0,0,0%,0,0%,0,0%
757583- בית ספר סמירא מיס,ירושלים,ממלכתי,העיר ירושלים,ערבי,נגוהה פרחאת,ראנייה גועבה,ז,1,רגיל,23,0,0,0%,0,0%,0,0%
757583- בית ספר סמירא מיס,ירושלים,ממלכתי,העיר ירושלים,ערבי,נגוהה פרחאת,ראנייה גועבה,ז,2,רגיל,25,0,0,0%,0,0%,0,0%
757583- בית ספר סמירא מיס,ירושלים,ממלכתי,העיר ירושלים,ערבי,נגוהה פרחאת,ראנייה גועבה,ז,3,רגיל,26,0,0,0%,0,0%,0,0%
758227- יסודי אלאימאן בנים,ירושלים,ממלכתי,העיר ירושלים,ערבי,מחמד אזברגה,מואיד נאצר,ז,1,רגיל,28,0,0,0%,0,0%,0,0%
758227- יסודי אלאימאן בנים,ירושלים,ממלכתי,העיר ירושלים,ערבי,מחמד אזברגה,מואיד נאצר,ז,2,רגיל,25,0,0,0%,0,0%,0,0%
758227- יסודי אלאימאן בנים,ירושלים,ממלכתי,העיר ירושלים,ערבי,מחמד אזברגה,מואיד נאצר,ז,3,רגיל,28,0,0,0%,0,0%,0,0%
759134- סדנת שילוב יובלים,גוש עציון,ממלכתי דתי,ירושלים,יהודי,יעקב מאיר קושלבסקי,ימימה ספרא,ז,1,רגיל,6,0,0,0%,0,0%,0,0%
